id	offset	lines	chars	max_line_cells	japanese	english	notes
0	0x0033a6	1	10	10	辻斬り事件		
1	0x0033be	1	10	10	3ヶ月後		
2	0x0033d6	6	30	5	見る\n話す\n移動\nァイテム\nコンタクト		
3	0x00342e	7	42	6	現場1\n現場2\n現場3\n渋谷\n逆島屋\n緋文楼\n暁		
4	0x00349e	6	36	6	横浜\nナット\nデータネット\n十日堂\nZZZ		
5	0x003510	4	24	6	ナット\nデータネット\n十日堂\nトリプルZ		
6	0x003558	2	6	3	はい\nいいえ		
7	0x003570	3	28	13	わかってもらえるだろうか？\nあたしには\nたくさんの仲間がいる		
8	0x0035b0	3	33	12	六堂、紫雲、Dヘッド\nそして、彼らのほかにも\n眼には見えない仲間たちが		
9	0x0035fa	2	13	10	それは\n街に息づく精霊たちだ		
10	0x00361a	2	25	13	魔力の恵みを受けない人には\n信じられないかもしれない		
11	0x003652	3	18	12	だけど\n街には\n確かに精霊が息づいている		
12	0x00367e	2	23	12	あたしたちシャーマンは\nそうした精霊の力を借りて		
13	0x0036b2	2	18	10	街に隠された力を\n引き出すことができる		
14	0x0036dc	3	18	13	そう\n街には\nたくさんの力が隠されている		
15	0x003708	3	22	14	あたしがまだ触れたことのない\n力さえ\n眠っている		
16	0x00373c	3	24	11	この街は\nまだ、すべての顔を\nあたしに見せてはいない		
17	0x003774	3	21	10	このごろは\nそんな思いに\nとらわれることがある		
18	0x0037a8	2	8	4	店内\nバーテン		
19	0x0037be	3	12	4	仲間\nバーテン\nハジメ		
20	0x0037de	3	18	6	辻斬り事件\n渋谷抗争事件\n検索終了		
21	0x00380a	1	7	7	選択して下さい		
22	0x00381c	2	16	8	真相を明かす\n真相を明かさない		
23	0x003848	2	22	13	いつものシルバー・ムーンだ\nみんなそろっている		
24	0x003882	2	18	12	まじめに話を聞いたほうが\nよさそうだな		
25	0x0038b4	2	10	6	ハジメは\n帰ったようだ		
26	0x0038d6	1	9	9	客は、俺たちだけだ		
27	0x0038f4	1	12	12	マオと何か話しをしている		
28	0x003916	3	26	11	最近は平和なもんだな\nなんとなく\n体がなまりそうな気分だ		
29	0x003958	3	25	10	わたしたちにとっては\nあまり平和なのも\n考えものですね		
30	0x003998	3	22	11	見かけは平和でも\n裏じゃ\nいろいろ動いてるもんさ		
31	0x0039cc	2	15	10	いつお呼びがかかるか\nわからんぜ		
32	0x0039f6	1	10	10	噂をすれば……ですね		
33	0x003a14	3	31	12	……このところ\n暇を持てあましてたからな\n肩ならしにはちょうどいい		
34	0x003a60	1	5	5	高くつくぜ		
35	0x003a74	3	17	8	承知してます\n犯人を\n倒してもらえれば		
36	0x003a9e	2	14	8	4000新円\nお支払いしますよ		
37	0x003ac6	2	13	7	ひさしぶりの\n仕事ってわけだ		
38	0x003aec	1	9	9	詳しい話しを聞こう		
39	0x003b08	2	21	11	犯人の正体が分かれば\n報復するつもりですかね		
40	0x003b3e	2	13	10	あまり\nいい気分じゃないわね		
41	0x003b64	2	17	14	仕事に\nあまり私情を挟むもんじゃない		
42	0x003b8c	2	13	9	俺たちは\n依頼をこなすだけさ		
43	0x003bb2	2	11	7	はいはい\nわかってるわよ		
44	0x003bce	2	14	10	紫雲って\n頭が固いんだから……		
45	0x003bf6	2	9	7	さて\nどう始めるか？		
46	0x003c14	3	26	10	目撃者を見つけるか\n現場をあたってみるか\nそのあたりだな		
47	0x003c56	1	10	10	さて、どう動くかな？		
48	0x003c74	2	14	7	情報屋から何か\n聞き出せないか		
49	0x003c9c	2	20	11	そうだな、情報屋の\nナットに連絡してみよう		
50	0x003cd0	2	14	9	……じゃあ\nこういうのはどう？		
51	0x003cf2	3	30	12	そこにあるけれど\n触れることはできない\nでも、感じることはできる		
52	0x003d36	1	9	9	さて、それはなに？		
53	0x003d52	3	22	9	そうですね……\n『愛情』って\nいうのはどうです？		
54	0x003d8c	3	24	10	フフッ、素敵な答えね\nでも、はずれ\n答えは『精霊』よ		
55	0x003dd6	2	25	14	どこにでもいるんだけど\n触れることはできないでしょ？		
56	0x003e14	1	9	9	わたしの近くにも？		
57	0x003e30	3	17	10	ええ\nこの店には\n働き者の精霊がいるわ		
58	0x003e60	1	11	11	やっぱり、ここでしたか		
59	0x003e80	1	2	2	誰？		
60	0x003e8e	3	31	15	ハジメ\n渋谷のストリート・ギャング\nメタル・ラビリンスのメンバーさ		
61	0x003eda	2	14	11	どうも\nよろしくお見知りおきを		
62	0x003f02	2	15	11	で、そのギャングさんが\n何の用？		
63	0x003f2c	3	19	10	いやあ\n実は、困ってることが\nあるんですよ		
64	0x003f5a	2	12	9	それで\n力をお借りしたくて		
65	0x003f7e	3	17	6	言っておくが\n用心棒なら\nお断わりだぜ		
66	0x003fae	1	2	2	……		
67	0x003fbc	3	20	10	ねえ\n渋谷の辻斬り事件って\n聞いたことある？		
68	0x003ff2	3	25	12	ああ\nギャングのメンバーばかり\n狙われたってやつですね		
69	0x004032	1	12	12	それがどうかしましたか？		
70	0x004054	2	17	12	その事件で\n噂とか聞いたことはない？		
71	0x004082	3	19	8	みんな\n好き勝手なことを\n言ってますからね		
72	0x0040b0	2	20	12	データネットでも\n当たってみたらどうです？		
73	0x0040e4	2	14	7	いかがですか？\n仕事の調子は？		
74	0x00410c	1	7	7	何があったんだ		
75	0x004124	3	25	10	実は、ウチの縄張りで\n立て続けに\n人が殺されてるんです		
76	0x004164	3	23	12	いま噂になってる\n渋谷の\n『辻斬り』事件ってやつ？		
77	0x0041a0	3	24	11	そう、そいつです\nその犯人を\n倒してもらいたいんです		
78	0x0041de	2	13	8	頼む相手が\n違うんじゃないか		
79	0x004204	3	15	9	確かにな\nなぜ\n警察にまかせない？		
80	0x004230	3	24	11	俺たちが動かなくても\n犯人を\n見つけてくれるだろうさ		
81	0x00426e	1	8	8	それはできません		
82	0x004282	3	21	10	コトは\n俺たちのメンツに\nかかわってるんですよ		
83	0x0042b4	3	30	12	警察の手を借りるようじゃ\n殺されたメンバーに\nしめしがつきません		
84	0x0042fe	3	27	13	しかし\nかたきを討つためだけに\n俺たちを雇うっていうのか？		
85	0x004342	2	13	8	さすがは六堂さん\n鋭いですね		
86	0x004362	2	16	9	ご存じのとおり\n俺たちには敵が多い		
87	0x004388	3	23	12	犯人は\n俺たちに恨みがある奴だと\n踏んでるんですよ		
88	0x0043be	3	20	9	相手によっちゃ\nこちらも\n対応を考えなければ		
89	0x0043f4	2	18	12	お願いします\n力を貸してもらえませんか		
90	0x004424	2	16	11	渋谷最強の\nストリート・ギャングも		
91	0x00444a	2	19	10	正体不明の辻斬りには\nお手上げってわけか		
92	0x00447c	2	13	8	いいだろう\n話を聞いてやろう		
93	0x0044a2	3	26	11	はじめは\nウチのメンバーばかりが\n狙われていたんですがね		
94	0x0044e4	2	21	11	ここんとこ、だんだん\n見境いがなくなってきて		
95	0x004514	3	22	8	メンバー以外まで\n『辻斬り』に\nやられてるんです		
96	0x00454e	3	25	12	縄張りを\n荒らされたままじゃ\n俺たちもメンツがたたない		
97	0x00458e	3	25	11	俺たちも\n黙って手をこまねいてた\nわけじゃないんですよ		
98	0x0045ce	3	21	10	現場の近くを\nメンバーに\n見張らせてたんですが		
99	0x004600	2	14	11	犯人は\nこちらを出し抜いてくる		
100	0x004628	3	25	10	それどころか\n見張りのメンバーまで\nやられる始末で……		
101	0x004668	2	14	8	犯人について\nわかっているのは		
102	0x00468a	3	23	9	着流し姿の\nいかれた『侍』って\nことだけなんですよ		
103	0x0046c6	1	9	9	これを見てください		
104	0x0046e2	1	9	9	たしかにユニークね		
105	0x0046fe	2	14	12	でも\nこれだけ目立つ格好なのに		
106	0x004720	3	22	11	足取りが\nわからないっていうのも\nおかしな話だわ		
107	0x00475a	1	7	7	そうなんですよ		
108	0x004772	1	8	8	犯人に心当りは？		
109	0x00478c	3	26	11	俺たちは\n他のギャングをつぶして\n大きくなってきたんです		
110	0x0047c8	3	29	11	そういう意味じゃ\n俺たちを始末したい奴は\nごろごろしてるからな		
111	0x004810	3	18	8	たとえば\n最近戦った相手は\nどうなんだ？		
112	0x004842	1	6	6	最近ですか？		
113	0x004852	3	18	11	横浜の\n『ウイザーズ・エッジ』\nですかね		
114	0x004884	1	10	10	ウイザーズ・エッジ？		
115	0x0048a2	3	24	11	魔法を\nオモチャにしてる連中が\n作ったギャングですよ		
116	0x0048da	1	11	11	横浜を縄張りにしてます		
117	0x0048fa	2	12	9	魔法を\nオモチャにねえ……		
118	0x00491e	1	10	10	そいつらがどうして？		
119	0x00493c	2	18	11	ウチの縄張りに\n手を出そうとしたもんで		
120	0x004966	2	20	12	ついこないだまで\nドンパチやってたんですよ		
121	0x00499a	2	13	9	もっとも\n徹底的に叩いたんで		
122	0x0049ba	3	25	14	いまの連中には\n俺たちに\n手をだす力はないと思いますよ		
123	0x0049fa	2	15	10	なるほどな\n大した自信じゃないか		
124	0x004a24	1	4	4	他には？		
125	0x004a36	2	18	10	そうですねえ……\nあとは渋谷の『武空』		
126	0x004a66	2	17	12	こいつらも\nストリートギャングですが		
127	0x004a8e	2	21	11	俺たちの傘下に入らずに\nいまだに抵抗してます		
128	0x004ac4	2	16	10	ガキのけんかにしては\n大層なことだ		
129	0x004af0	3	19	10	そのガキが\n渋谷じゃ\n力を持ってるんですよ		
130	0x004b24	3	25	12	とにかく\n犯人を見つけ出して\n排除していただければ……		
131	0x004b64	3	30	13	もし、事件に他のギャングが\n関わっているようなら\n教えてください		
132	0x004bae	3	18	9	そのときは\n俺たちも\n動かねばなりません		
133	0x004be0	1	9	9	報復ってわけかい？		
134	0x004bfc	2	15	12	それは\nご想像におまかせしますよ		
135	0x004c26	3	20	7	いまのところ\nわかってるのは\nそのくらいです		
136	0x004c5c	3	27	11	何かあったら\n『オンフォール』って\nディスコに来てください		
137	0x004ca0	3	17	7	それじゃ\n俺は失礼します\n頼みましたよ		
138	0x004cd0	2	17	12	ナット……\n裏の世界に通じた情報屋だ		
139	0x004cf8	2	22	13	普通では知ることのできない\n裏情報をつかんでる		
140	0x004d2a	3	25	13	電話してみよう\nあいつなら\n何かつかんでるかもしれない		
141	0x004d64	3	17	8	はい\nああ、六堂さん\nなにか御用ですか		
142	0x004d94	3	26	12	おまえに用があるといえば\n決まってるさ\n裏情報が知りたい		
143	0x004dd0	1	13	13	渋谷の辻斬り事件についてだ		
144	0x004df4	1	7	7	辻斬り事件……		
145	0x004e06	3	19	12	さてね\n裏情報も\nそんなに多くないんですが		
146	0x004e3a	2	14	10	とにかく\nわかってることでいい		
147	0x004e62	3	20	12	警察も\nこの事件には手を焼いてる\nようですね		
148	0x004e92	2	16	9	犯人は、まさに\n神出鬼没らしいです		
149	0x004eb8	2	15	9	着流しなんて\nいまどき珍しいのに		
150	0x004edc	2	18	11	それで足取りを\nつかませないんですから		
151	0x004f06	3	22	9	犯人は魔法の使い手\nじゃないかって\n話もあります		
152	0x004f40	1	16	16	辻斬り事件に目撃者はいるんだろう		
153	0x004f6a	1	2	2	ええ		
154	0x004f72	3	24	12	あの辻斬りは\n狙った獲物は\n全部しとめてるんですがね		
155	0x004faa	3	25	11	幸運なことに\n生き残りがいたんですよ\n2人だけですがね		
156	0x004fe4	3	30	11	1人は、六堂さんと同じ\nストリート・サムライ\n『以蔵』って男です		
157	0x005028	2	17	12	もう1人は\n僕もよく知らないんですが		
158	0x005050	2	20	12	『チョロ』って呼ばれてる\n子供らしいですね		
159	0x005084	1	3	3	以蔵？		
160	0x005094	2	21	11	メタル・ラビリンスで\n用心棒をやってた男です		
161	0x0050c4	3	25	11	辻斬りにやられてから\n用心棒は\nやめちまったようですが		
162	0x005104	2	13	8	いまどこにいるか\nわかるか？		
163	0x00512a	2	17	12	残念ながら\nそこまではつかめてません		
164	0x005158	3	25	16	わかった\n以蔵か……\nハジメに確かめてみる必要があるな		
165	0x005198	1	7	7	他にご用件は？		
166	0x0051b0	3	27	11	そうだな……\nもうひとりの生き残り\n『チョロ』については？		
167	0x0051f4	3	27	11	現場近くの\n裏路地を寝ぐらにしてる\nストリート・キッドです		
168	0x005232	3	26	13	しかし\nわかってるのはそのくらいで\n詳しいことまでは……		
169	0x005274	3	20	13	後は\n武空というギャングのことを\n教えてくれ		
170	0x0052aa	3	20	10	武空……\nメタルと同じ\n渋谷のギャングですよ		
171	0x0052da	3	25	12	渋谷のギャングは\nほとんどが\nメタルに吸収されましたが		
172	0x005314	2	15	12	武空は\nまだメタルに抵抗してます		
173	0x00533e	2	15	8	武空に会うには\nどうすればいい？		
174	0x005368	3	20	10	渋谷に\n『逆島屋』って\n古い飲み屋があります		
175	0x005398	2	16	14	確か\nそこが連中のたまり場でしたよ		
176	0x0053c4	3	18	9	わかった\nまた、何かあったら\n教えてくれ		
177	0x0053f0	3	17	8	はい\nああ、六堂さん\nなにか御用ですか		
178	0x005420	3	24	9	辻斬り事件について\n何か新しい情報は\n入ってないか？		
179	0x00545e	2	11	6	今のところ\nありませんね		
180	0x005480	3	18	9	わかった\nまた、何かあったら\n教えてくれ		
181	0x0054b2	2	15	9	最近の事件や\nニュースの情報なら		
182	0x0054d6	2	16	9	データネットに\n流れているはずです		
183	0x0054fc	1	9	9	検索してみましょう		
184	0x005512	3	28	13	ここ1ヵ月のあいだ\n渋谷を中心に\n連続殺人事件が発生している		
185	0x005552	2	17	12	犠牲者には\n渋谷を本拠にするギャング		
186	0x00557a	2	19	12	『メタル・ラビリンス』の\nメンバーが多く		
187	0x0055a6	2	21	11	ギャング同士の抗争に\nまつわると見られている		
188	0x0055d6	3	26	12	現在\n目撃者の証言をもとにした\n犯人の姿が公開されている		
189	0x005612	3	21	9	犯人は神出鬼没で\n犠牲者を\n一刀両断にしている		
190	0x005644	3	25	9	凶器は鋭利な刃物と\n推定されているが\n詳細は不明である		
191	0x00567e	2	15	12	犯人の\nあまりの神出鬼没ぶりから		
192	0x0056a2	3	24	12	事件には\n魔法が関わっているのでは\nという見解もある		
193	0x0056da	3	22	11	渋谷では\nストリート・ギャングの\n抗争事件が激化		
194	0x00570e	1	11	11	重大な問題になっている		
195	0x005728	3	25	11	抗争の主役は\n渋谷を本拠にする\n『メタル・ラビリンス』		
196	0x005762	3	26	11	もう一方の主役が\n横浜のギャング\n『ウイザーズ・エッジ』		
197	0x00579e	3	23	11	この日の銃撃戦では\n双方に\n多数の犠牲者が出ている		
198	0x0057d4	3	20	11	特に\nウイザーズ側の死傷者は\n十数名にのぼり		
199	0x005804	2	16	11	報復による\n戦いの激化が心配される		
200	0x00582c	3	6	2	周囲\n住人\n地面		
201	0x005840	2	4	2	仲間\n住人		
202	0x00584e	4	32	8	打ち解けるように\n取り引する\nごく普通に\n関わりにならない		
203	0x005898	2	24	12	所持金　　　　　　　新円\n情報料　　　　　　0新円		
204	0x0058ce	1	11	11	0123456789		
205	0x0058ec	3	18	7	最初のころ\n事件はここで\n起こってたのね		
206	0x00591e	3	20	10	裏路地かぁ\n表通りとは\nずいぶん違う感じだわ		
207	0x005954	3	26	12	あちこち汚れてて嫌な感じ\n1人で来るところじゃ\nないわね		
208	0x005996	2	13	8	あたり一面\n落書きだらけ……		
209	0x0059b6	2	14	10	ギャングたちが残した\n落書きね		
210	0x0059de	3	16	9	……\nお世辞にも\n上品とは言えないわ		
211	0x005a0c	2	13	11	へっ\nじろじろ見るんじゃねえ		
212	0x005a32	3	26	11	ストリートの住人たちね\nちょっと\n近よりにくい雰囲気だわ		
213	0x005a74	1	13	13	ストリートの連中は苦手か？		
214	0x005a98	3	28	12	そういうわけじゃないけど\nもうすこし\nきれいにしてくれればね		
215	0x005ade	3	20	12	もともとは\n地面が\nむき出しだったそうだけど		
216	0x005b0e	2	20	12	舗装されてからは\n事件は起きてないって話ね		
217	0x005b42	3	19	9	このあたりには\n新しく\nビルが建つようです		
218	0x005b76	3	24	10	ビルが建ってしまうと\nストリートも\n住みにくくなるな		
219	0x005bb4	3	26	12	ひょっとして\n事件が起きなくなったのは\n舗装されたから？		
220	0x005bf6	2	14	11	まさか\nたんなる偶然だろう……		
221	0x005c1e	1	2	2	うん		
222	0x005c26	2	18	15	でもさ\nなんとなく引っかかるのよね……		
223	0x005c56	2	15	12	でたな\nシャーマンの勘ってやつか		
224	0x005c80	2	24	12	そういうわけじゃないけど\nちょっと気になっただけよ		
225	0x005cbc	2	11	8	彼らに\n話を聞かなくちゃ		
226	0x005cde	3	22	9	辻斬りが\nなりをひそめてる？\nどういうことだい？		
227	0x005d18	3	25	11	知らねえよ\nあいつもいっときは\n派手に暴れてやがったが		
228	0x005d52	3	21	10	ここんとこ\nこのへんじゃ\n噂も聞かなくなったぜ		
229	0x005d8a	2	20	11	なりをひそめたのは\nいつごろかわかるかい？		
230	0x005dbe	2	21	11	ちゃんとした時期まで\n覚えてるわけじゃねえが		
231	0x005dee	3	18	10	そうだな\nちょうど\nビルを建てるってんで		
232	0x005e1a	2	17	12	このへんを\n舗装しちまった頃からだな		
233	0x005e48	3	22	10	いまとなっちゃ\nギャングどものほうが\n恐ろしいね		
234	0x005e7c	3	25	12	また我がもの顔で\nこのへんを\n荒らすんじゃねえかってね		
235	0x005eb6	3	24	10	辻斬りが出てたころは\nさすがに\n連中もおとなしかった		
236	0x005ef4	2	16	10	ありがとうよ\nいろいろ参考になった		
237	0x005f20	2	17	12	おまえさん\n辻斬りを追ってるのかい？		
238	0x005f4e	2	10	7	まあね\nそんなところさ		
239	0x005f6e	3	15	8	なら\nチョロってガキを\n捜してみな		
240	0x005f94	2	18	10	辻斬りに襲われて\n生き延びたって噂だぜ		
241	0x005fc4	1	12	12	まあ、せいぜい気をつけな		
242	0x005fe6	3	17	10	ああ\nいっときは\n結構な騒ぎになったが		
243	0x006010	3	22	9	どういうわけか\nこのへんじゃ\n出なくなっちまった		
244	0x00604a	2	23	13	このあたりに出なくなった？\nそれはいつ頃からだ？		
245	0x006084	2	15	9	はっきりしたことは\n覚えてねえよ		
246	0x0060a8	2	15	11	……でも\n噂を聞かなくなったのは		
247	0x0060cc	2	15	10	このへんが\n舗装された頃からだな		
248	0x0060f0	3	28	12	辻斬り騒ぎがあったころは\nこのへんの土が\nむき出しになってた		
249	0x006136	1	3	3	……？		
250	0x006146	3	17	8	まあ\nギャングばかり\n襲われてたからな		
251	0x006170	3	20	9	辻斬りも\nギャングどもの\n抗争がらみだろうさ		
252	0x0061a0	3	30	11	メタルの連中が戦ってた\nウイザーズって連中が\n怪しいんじゃねえの		
253	0x0061e4	3	30	12	連中は魔法を使うからな\nそういう奴らは\n何をやってもおかしくねえ		
254	0x00622e	2	13	8	ちょっと！\nどういう意味よ！		
255	0x006254	2	9	5	まあまあ\n落ちつけよ		
256	0x00626c	3	23	10	こいつらも\n別にマオのことを\n言ったわけじゃないさ		
257	0x0062a8	2	20	12	魔法っていったが\n心当たりでもあるのかい？		
258	0x0062dc	2	17	14	犯人は\n人間じゃないって噂があるんだ		
259	0x006304	1	4	4	もっとも		
260	0x006310	3	24	9	辻斬りに襲われた\nどこかのガキが\n言ってたことらしい		
261	0x006348	2	14	10	あんまり\nァテにはなんねえがね		
262	0x006370	2	15	9	どこに行けば\nその子供に会える？		
263	0x00639a	3	17	10	知らねえよ\nだが\nこのへんじゃ無理だね		
264	0x0063c4	3	20	11	名前は……\n確か……\nチョロっていったか……		
265	0x0063fa	2	15	8	教えてやれるのは\nそのくらいだな		
266	0x006424	2	17	9	辻斬り事件のことで\nなにか知らない？		
267	0x006452	3	31	11	ああ、そのことかい\nまったく、このあたりも\nぶっそうになったもんさ		
268	0x006498	3	26	10	ギャングどもが\nドンパチやるうえに\n辻斬り騒ぎだからねえ		
269	0x0064d4	3	25	9	ところが、辻斬りも\nこのあたりじゃ\nなりをひそめてんだ		
270	0x006514	1	7	7	どういうこと？		
271	0x00652c	3	28	12	俺ゃしらねえよ\nでも、このあたりが\n舗装されてからのことだな		
272	0x00656c	2	21	11	このへんは、もともと\n土がむき出しだったんだ		
273	0x00659c	2	14	12	だが\n新しいビルを建てるとかで		
274	0x0065be	2	16	12	いまじゃ\nすっかり舗装されてるのさ		
275	0x0065e4	3	22	12	そのうち\nこのへんにゃ\n住めなくなっちまうのかね		
276	0x00661e	2	15	8	俺が知ってるのは\nこれで全部だぜ		
277	0x006648	1	11	11	まだ何か用があるのかい		
278	0x006668	1	13	13	どのように話しかけますか？		
279	0x00668c	2	16	10	ここらへんも\nビルが建つみたいだな		
280	0x0066b2	2	17	11	住むところが\nどんどんなくなっちまう		
281	0x0066e0	3	18	11	ふん\nよそもんが\n心配するこっちゃねえさ		
282	0x006712	2	18	11	別にきまぐれで\n心配してるわけじゃない		
283	0x00673c	2	13	9	俺だって\nストリート育ちだぜ		
284	0x006762	2	12	10	ふん\nならわかってんだろ？		
285	0x006780	3	26	11	このへんがダメになりゃ\nまた新しい寝ぐらを\nさがすだけさ		
286	0x0067bc	2	20	12	俺たちが気にかけてんのは\nもっと別のことさ		
287	0x0067f0	1	6	6	辻斬りかい？		
288	0x006806	3	27	12	ありゃ確かに物騒だったが\nいまじゃ\nなりをひそめてやがるぜ		
289	0x00684a	2	17	12	聞きたいことがあるんだが\nいいかい？		
290	0x006878	1	9	9	なんだ、あんたは？		
291	0x006894	1	10	10	別に怪しい者じゃない		
292	0x0068ac	3	18	10	それに\nタダで教えてくれとも\n言わないさ		
293	0x0068de	1	9	9	いくら渡しますか？		
294	0x0068fa	1	9	9	お金が足りないわよ		
295	0x006916	1	9	9	ケチケチしないでよ		
296	0x006932	1	8	8	そんなに渡すの？		
297	0x00694c	3	17	11	へっ\nなんだい\n聞きたいことってのは？		
298	0x00697c	2	19	12	このあたりに出るっていう\n辻斬りのことさ		
299	0x0069a8	3	22	11	なんでもいい\n知ってることがあったら\n教えてくれ		
300	0x0069e2	2	14	12	ねえ\n少し話を聞きたいんだけど		
301	0x006a0a	1	8	8	あっ、なんだい？		
302	0x006a24	2	20	11	どうも、こういう場所は\n苦手なんですが……		
303	0x006a58	3	21	9	あなたがた\n辻斬りのことで\n何か知りませんか？		
304	0x006a90	3	20	12	辻斬りだあ？\nもう\nこのへんじゃ出てねえよ！		
305	0x006ac6	1	11	11	それはいつ頃からです？		
306	0x006ae6	3	19	10	うるせえな！\nここが\n舗装されてからだよ！		
307	0x006b14	2	13	8	わかったら\nあっちへいきな！		
308	0x006b3a	3	17	7	やれやれ\nとりつくしまも\nありませんね		
309	0x006b6a	3	19	7	あんたねえ\n相手を怒らせて\nどうするのよ！		
310	0x006b98	2	21	11	話なんかしたくないって\n顔に書いてあったわよ		
311	0x006bce	3	26	10	え？　そうですか？\nそんなつもりは\nなかったんですが……		
312	0x006c0c	4	16	4	周囲\n地面\nギャング\nチョロ		
313	0x006c36	4	20	5	仲間\nギャング1\nギャング2\nチョロ		
314	0x006c68	2	8	4	助ける\n助けない		
315	0x006c82	2	19	10	最近は、このあたりで\n事件が起こっている		
316	0x006cb4	2	18	12	襲われた者は\nここに追い込まれるという		
317	0x006ce4	2	14	11	建物が\n取り壊された跡みたいね		
318	0x006d0c	2	15	8	新しいビルでも\n建てるのかしら？		
319	0x006d36	2	18	9	いまどき珍しいわね\n土がむき出しなんて		
320	0x006d66	2	15	10	メタル・ラビリンスの\nメンバーよ		
321	0x006d90	2	18	10	辻斬りを警戒して\n張りこんでるみたいね		
322	0x006dc0	2	19	11	張りこみにしては\n緊張感が足りないみたい		
323	0x006df2	2	17	9	辻斬りの張りこみか\nごくろうなことだ		
324	0x006e20	2	14	11	連中も\n殺られなきゃいいが……		
325	0x006e48	2	18	10	辻斬りに襲われて\n生き延びた子供か……		
326	0x006e78	2	13	7	なんとかして\n見つけないとな		
327	0x006e9e	3	18	10	とにかく\nあちこち\nあたってみるしかない		
328	0x006ed0	1	6	6	あ〜まったく		
329	0x006ee0	3	28	11	いつ出るかわかんねえ\n辻斬りを張り込むなんて\n退屈なもんだぜ		
330	0x006f26	3	17	8	ねえ\nチョロっていう\n子供を知らない？		
331	0x006f56	1	2	2	あ？		
332	0x006f5e	3	28	12	ああ、知ってるぜ\n辻斬りに襲われて\n生き延びたってガキだろ？		
333	0x006fa4	3	20	9	知ってるのね！\nこのあたりを捜せば\n会える？		
334	0x006fda	3	26	10	そいつはどうかな\nやたら用心深くて\nめったに姿を見せない		
335	0x007016	3	17	9	俺だって\nあんまり\n見たことねえからな		
336	0x007046	3	23	10	俺は見たことあるぜ\nあのガキ\n妙な魔法を使いやがる		
337	0x007082	1	3	3	魔法？		
338	0x007092	1	2	2	ああ		
339	0x00709a	3	23	10	からかおうとしたら\nすうっと\n姿を消しちまったのさ		
340	0x0070e2	2	11	7	あなたは\n何か知らない？		
341	0x007104	1	2	2	いや		
342	0x00710c	3	17	9	最近は\n特に変わったことも\nねえからな		
343	0x00713c	1	10	10	人の気配がないわ……		
344	0x00715a	1	11	11	……なにか聞こえない？		
345	0x00717a	2	11	6	悲鳴みたい！\nあっちよ！		
346	0x00719c	1	9	9	雰囲気が妙だな……		
347	0x0071b8	1	7	7	行ってみよう！		
348	0x0071ca	2	16	10	この野郎っ！\nくたばりやがれっ！！		
349	0x0071f6	1	9	9	こいつが辻斬りっ！		
350	0x007212	3	15	7	う……\n消えた……\n魔法を使った？		
351	0x00723a	1	6	6	……うう……		
352	0x007250	1	7	7	しっかりしろ！		
353	0x00726a	2	14	7	……くそう……\n思い出した……		
354	0x00728c	2	15	8	……あいつ……\n……影使いの……		
355	0x0072b8	3	26	10	……『影使い』！\nウイザーズ・エッジの\n魔法使いの名だ！		
356	0x0072fa	3	20	12	影使い……\nやはり\nウイザーズの仕業なのか？		
357	0x007330	1	2	2	……		
358	0x00733e	3	17	8	静かね……\n辻斬りは\n出てくるかしら？		
359	0x00736e	1	7	7	いつかは……な		
360	0x007386	2	7	4	さあ……\n行くぞ		
361	0x00739c	3	9	3	周囲\nダクト\n少年		
362	0x0073b6	3	9	3	周囲\nダクト\nチョロ		
363	0x0073d0	2	4	2	仲間\n少年		
364	0x0073de	2	6	3	仲間\nチョロ		
365	0x0073f4	2	15	10	以蔵さんは\nここに逃げ込んだのね		
366	0x007418	2	21	11	表通りから離れてるから\n人の姿が見えないわね		
367	0x00744e	2	14	11	ここも\n地面が見えてるけど……		
368	0x007476	2	14	8	ちょっと待って！\n誰かいるわ！		
369	0x00749e	2	15	8	どうした、マオ？\n何も見えないぞ		
370	0x0074c8	3	30	11	人よ！　人がいるの！\nまだ小さな男の子が\nおかしなクリッターに！		
371	0x00750c	1	9	9	こっち、こっちよ！		
372	0x007528	1	7	7	あのダクトは？		
373	0x007540	2	15	10	地下作業の\n換気用ダクトでしょう		
374	0x007564	3	27	12	このあたりじゃ\nあちこちで地面を\n掘り返してるようですから		
375	0x0075a8	1	9	9	まだ子供じゃないか		
376	0x0075c4	2	22	12	このあたりに住みついてる\nストリート・キッドね		
377	0x0075fc	2	20	10	以蔵を襲った辻斬りは\nここで姿を消した……		
378	0x007630	3	24	12	以蔵にとどめを刺すことも\nできたはずだ\nいったい……		
379	0x00766e	1	3	3	うわ！		
380	0x00767e	1	4	4	きゃあ！		
381	0x007690	2	19	12	以蔵さんが言ってた風って\nこのことね……		
382	0x0076c2	1	11	11	まったく、人騒がせだぜ		
383	0x0076e2	2	12	8	いったい\nどういうことだ？		
384	0x007706	3	22	12	さあ\nでも魔法がからんでるのは\n間違いなさそうね		
385	0x007740	2	16	11	あたしはマオっていうの\nあなたは？		
386	0x00776a	1	2	2	……		
387	0x007778	2	17	10	こわがることはないわ\n名前を教えて？		
388	0x0077a6	1	2	2	……		
389	0x0077ae	3	22	10	名前なんてないよ\nみんなは、チョロって\n呼ぶけど		
390	0x0077e8	2	12	9	あなた\n魔法が使えるのね？		
391	0x00780c	1	6	6	……まほう？		
392	0x00781c	3	22	11	ちがうよ\n見えないともだちの力を\nかりてるだけさ		
393	0x007856	1	3	3	友達？		
394	0x007866	2	12	9	たぶん\n街の精霊のことだわ		
395	0x007884	3	19	9	彼には\nシャーマンの能力が\n感じられるもの		
396	0x0078b8	2	11	9	ねえ\n教えてくれないかな		
397	0x0078d4	1	11	11	辻斬りのことなんだけど		
398	0x0078f4	1	2	2	……		
399	0x007902	2	13	9	あなたを襲ったのは\nこの人？		
400	0x007928	1	2	2	！！		
401	0x007936	3	20	8	ごめんね\n驚かすつもりじゃ\nなかったんだけど		
402	0x00796c	1	11	11	こいつに襲われたのね？		
403	0x00798c	1	4	4	……うん		
404	0x00799e	1	2	2	……		
405	0x0079a6	3	25	12	……いつもとおなじように\nこのあたりで\nあそんでたんだ		
406	0x0079e0	2	17	13	そしたら\nそいつがおそいかかってきた		
407	0x007a08	2	18	11	どこから出てきたのかも\nわかんなかった		
408	0x007a38	2	15	11	そいつに\nどんどん追っかけられて		
409	0x007a5c	2	14	10	もう逃げらんないって\nおもった		
410	0x007a7e	3	15	9	でも\nだれかが\nたすけてくれたんだ		
411	0x007aaa	2	12	10	え？\n誰かが助けてくれた？		
412	0x007ace	1	2	2	うん		
413	0x007ad6	2	18	12	『たすけてほしいか』って\n声がきこえて		
414	0x007b00	2	24	12	たすけてくれって言ったら\nあいつが消えちゃったんだ		
415	0x007b3c	2	12	8	どっちも\nともだちに似てた		
416	0x007b5a	3	24	12	でも\n追いかけてきたほうは\nともだちなんかじゃないよ		
417	0x007b98	2	14	8	もうだいじょうぶ\n危険はないわ		
418	0x007bc0	1	7	7	……ほんとう？		
419	0x007bd8	2	10	7	本当よ\nあたしを信じて		
420	0x007bf4	1	2	2	周囲		
421	0x007bfc	4	16	4	仲間\n通行人1\n通行人2\n通行人3		
422	0x007c2c	2	14	11	渋谷は\nとてもきらびやかな街だ		
423	0x007c4e	1	2	2	でも		
424	0x007c56	3	25	11	裏通りに\n一歩足を踏み入れれば\nもうひとつの顔が見える		
425	0x007c90	3	24	10	渋谷のもうひとつの顔\nギャングたちが集まる\n危険な街		
426	0x007cc8	3	23	10	影のなかでは\nギャングたちが\n戦いを繰り広げている		
427	0x007d04	2	13	9	表通りは\nはなやかだけど……		
428	0x007d2a	2	14	7	辻斬りの現場は\n裏通りみたいね		
429	0x007d52	3	32	16	表通りは華やかですね\nここじゃ、さすがにギャングたちは\n見当たらない		
430	0x007da0	3	20	8	やっぱり\nギャングの評判は\nよくありませんね		
431	0x007dd0	2	15	11	裏通りは\n彼らの天下、ですか……		
432	0x007dfa	3	21	12	辻斬り事件？\nどうせ\nギャングどもの抗争だろう		
433	0x007e2c	3	30	15	このあたりじゃ\nまだおとなしいが\n裏通りはギャングたちの天下だよ		
434	0x007e76	2	15	10	表通りじゃ\n事件は起きてないなあ		
435	0x007e9a	3	27	12	事件のことを\n知りたいんだったら\n裏通りに行って見るんだな		
436	0x007ede	3	19	9	『オンフォール』？\n……ああ\n知ってますよ		
437	0x007f0c	3	20	11	でも\nあそこはギャングどもの\n溜まり場ですよ		
438	0x007f42	2	16	8	場所を教えるのは\nかまいませんけど		
439	0x007f68	2	17	12	普通の人が\n行く場所じゃありませんよ		
440	0x007f96	1	11	11	ストリート・ギャング？		
441	0x007fb0	3	26	11	このへんじゃ\nメタルなんとかってのが\n強いって話だけどね		
442	0x007ff2	2	20	11	メタルはいろんな連中を\n相手にしてるからね		
443	0x008020	3	22	9	最近も横浜の連中や\n武空ってギャングと\n戦ってた		
444	0x00805a	3	29	12	武空に会いたいんだったら\n裏通りにある『逆島屋』に\n行ってみな		
445	0x00809e	2	8	4	逆島屋\nギャング		
446	0x0080b4	2	4	2	仲間\n武空		
447	0x0080c2	4	32	8	挑発するように\nなだめるように\nたしなめるように\nあくまで冷静に		
448	0x008110	2	18	9	表通りとは正反対ね\n暗くって危険な感じ		
449	0x008140	2	15	8	すごく古めかしい\n感じの店だけど		
450	0x00816a	2	20	12	あたりにたむろしてるのが\n武空のメンバーね		
451	0x00819e	3	23	11	この雰囲気じゃ\n普通の人は\nなかなか近よれないわね		
452	0x0081da	1	4	4	あらあら		
453	0x0081e6	3	20	13	なんか\n雰囲気が\nピリピリしてきちゃったわね		
454	0x00821c	3	23	9	ギャングたちの姿が\n見えないわ\n店もからっぽみたい		
455	0x008258	3	22	12	スキンヘッドが\n連中の\nトレードマークみたいだな		
456	0x008292	1	6	6	ヤな感じ……		
457	0x0082a2	3	22	10	こっちをにらみつけて\nあたしたちを\n威嚇してるわ		
458	0x0082dc	3	18	6	あたしたちを\n警戒してるわ\nどうしよう？		
459	0x00830e	2	15	11	なんだか\nみんな怯えてるみたいね		
460	0x008338	3	24	11	さすがに\nあたしたちに気を許した\nわけじゃないみたい		
461	0x008376	1	13	13	もう、ここにはいないようね		
462	0x00839a	2	15	11	さっさと\n用事を済ませてしまおう		
463	0x0083c4	3	17	7	武空の連中は\nどこかに\n行ったようだな		
464	0x0083f4	3	23	8	なんだてめえら？\nここがどこだか\nわかってんのか？		
465	0x008430	2	15	11	おいおい\nそうとんがるなって……		
466	0x00845a	3	19	9	うるせえ！\nてめえらに\n話すことなんかねえ		
467	0x00848e	1	9	9	しつこい野郎どもだ		
468	0x0084a4	1	3	3	……！		
469	0x0084ae	2	13	9	てめえら\nまさかメタルの……		
470	0x0084d4	1	4	4	おやおや		
471	0x0084e0	2	20	11	血の気が多いうえに\n勘違いまでしてるのか？		
472	0x008514	1	5	5	そうみたい		
473	0x008522	3	25	10	あたしたちを\nメタルのメンバーと\n思ってるんじゃない？		
474	0x008562	3	21	12	メタルには\nひどく痛めつけられたって\n話だが？		
475	0x00859a	3	16	8	おまえら\n俺たちを\n笑いに来たのか？		
476	0x0085c8	3	21	12	確かに\nひどい有様さ\n奴らの勢いにはかなわねえ		
477	0x008600	1	6	6	そのメタルが		
478	0x008610	3	19	12	最近\n次々と襲われてるって話は\nどうだい？		
479	0x008644	2	17	10	渋谷の辻斬り事件だろ\nいい気味さ……		
480	0x008672	1	5	5	……ん？！		
481	0x008680	3	25	11	おまえら何が言いたい？\nまさか\n俺たちを疑ってるのか？		
482	0x0086c0	1	2	2	ああ		
483	0x0086c8	3	28	15	辻斬りが\nメタルへの報復なら\nおまえたちにも動機があるからな		
484	0x00870e	1	10	10	ハハ、そいつは傑作だ		
485	0x00872c	1	8	8	どういう意味だ？		
486	0x008746	1	9	9	隠したって仕方ねえ		
487	0x00875c	3	23	10	俺たちが\nまだ生きのびてるのは\n奇跡みたいなもんさ		
488	0x008792	3	28	13	いまの俺たちには\nメタルに手を出すほどの力は\n残っちゃいない		
489	0x0087d2	2	18	10	信じる信じないは\nあんたの勝手だけどな		
490	0x008802	3	19	9	じゃあ\nあんたらが見て\n誰が怪しいと思う？		
491	0x008836	3	18	9	そんなのは\n俺たちの\n知ったこっちゃねえ		
492	0x008862	3	19	12	だが\nなんにせよ\n辻斬りはいい度胸してるさ		
493	0x008890	3	29	13	メタルの奴らは\nこの辻斬り事件さえ\n勢力拡大に使うつもりなのさ		
494	0x0088d2	3	24	10	犯人がわかれば\nそいつ徹底的に\nつぶしにかかるだろう		
495	0x008910	3	20	9	メタルも\n辻斬りと同じくらい\n恐ろしい連中さ		
496	0x008946	3	19	9	メタルは\nこの事件さえ\n勢力拡大に使う……		
497	0x008974	2	17	11	あたしたちが\n犯人を探しだしたとして		
498	0x00899c	3	21	9	そこから\nまた新しい戦いが\n起こるとしたら……		
499	0x0089d4	1	2	2	……		
500	0x0089e2	1	6	6	そのメタルが		
501	0x0089f2	3	20	12	最近\n次々と襲われてるって話は\nどうですか？		
502	0x008a28	2	15	10	渋谷の辻斬り事件だろ\nいい気味さ		
503	0x008a4c	1	4	4	……？！		
504	0x008a58	3	25	11	おまえら何が言いたい？\nまさか\n俺たちを疑ってるのか？		
505	0x008a98	1	5	5	そうですね		
506	0x008aa6	2	13	9	辻斬りが\nメタルへの報復なら		
507	0x008ac6	2	18	11	あなたたちにも\n動機があるわけですから		
508	0x008af6	1	10	10	ハハ、そいつは傑作だ		
509	0x008b14	1	9	9	どういう意味です？		
510	0x008b30	1	9	9	隠したって仕方ねえ		
511	0x008b46	3	23	10	俺たちが\nまだ生きのびてるのは\n奇跡みたいなもんさ		
512	0x008b7c	3	28	13	いまの俺たちには\nメタルに手を出すほどの力は\n残っちゃいない		
513	0x008bbc	2	18	10	信じる信じないは\nあんたの勝手だけどな		
514	0x008bec	3	22	11	じゃあ\nあなたがたが見て\n誰が怪しいと思います？		
515	0x008c26	3	19	9	そんなことは\n俺たちの\n知ったこっちゃねえ		
516	0x008c54	3	19	12	だが\nなんにせよ\n辻斬りはいい度胸してるさ		
517	0x008c82	3	29	13	メタルの奴らは\nこの辻斬り事件さえ\n勢力拡大に使うつもりなのさ		
518	0x008cc4	3	21	10	犯人がわかれば\n徹底的に\nつぶしにかかるだろう		
519	0x008cfc	3	20	9	メタルも\n辻斬りと同じくらい\n恐ろしい連中さ		
520	0x008d32	3	19	9	メタルは\nこの事件さえ\n勢力拡大に使う……		
521	0x008d60	2	17	11	あたしたちが\n犯人を探しだしたとして		
522	0x008d88	3	21	9	そこから\nまた新しい戦いが\n起こるとしたら……		
523	0x008dc0	1	2	2	……		
524	0x008dce	2	17	12	おめえらか\n金を払う気になったかい？		
525	0x008dfc	1	13	13	どのように話しかけますか？		
526	0x008e20	2	19	12	俺たちがメタルだとしたら\nどうするんだ？		
527	0x008e52	2	10	7	ちっ！\n知れたことよ！		
528	0x008e72	2	15	11	やれやれ\n話を聞きそびれちまった		
529	0x008e9c	3	18	10	まったく\nあんたも\n血の気が多いんだから		
530	0x008ece	3	22	10	そうとんがるなよ\n俺たちは\n話を聞きにきただけさ		
531	0x008f08	1	4	4	話だぁ？		
532	0x008f1a	3	17	10	そうさ\n聞きたいことを聞けば\n退散する		
533	0x008f4a	2	17	10	……おまえたち\nメタルじゃないのか？		
534	0x008f78	1	2	2	ああ		
535	0x008f80	2	15	10	このとおり\n武器も構えちゃいない		
536	0x008faa	1	2	2	……		
537	0x008fb8	2	16	11	いいだろう\nあんたは信用できそうだ		
538	0x008fe4	3	25	10	ピリピリする気持ちも\nわかるけど\n少しは落ちついたら？		
539	0x00901e	3	21	12	これで\nメタル・ラビリンス相手に\n戦うだなんて		
540	0x009050	1	8	8	信じられないわね		
541	0x00906a	1	8	8	な・ん・だとぉ？		
542	0x009084	3	18	9	ほら\nそんな短気じゃ\nやっていけないわよ		
543	0x0090b6	1	6	6	うるせえっ！		
544	0x0090cc	2	15	11	ちょっと\nやりすぎたみたいね……		
545	0x0090f6	2	15	12	相手を\n怒らせてどうするんですか		
546	0x009120	3	27	13	だって\nあんまりカリカリしてるのが\nおもしろかったんだもん		
547	0x009164	3	29	11	へっ！　とんがり耳か\n痛い目にあわねえうちに\nとっとと消えな！		
548	0x0091ac	3	30	11	エルフにむかって\nそういう口のききかたは\nやめたほうが賢明ですね		
549	0x0091f0	3	17	9	それに\nもうひとつ\n言っておきましょう		
550	0x00921a	2	17	11	わたしたちは\nギャングではありません		
551	0x009248	3	20	11	けっ！\nそのお偉いエルフさんが\nなんの用だ？		
552	0x00927e	3	19	11	別段\nあなたがたと\n争うつもりはありません		
553	0x0092ac	1	12	12	少し話を聞きたいだけです		
554	0x0092ce	1	10	10	話を聞きたいねぇ……		
555	0x0092e6	3	25	9	お偉いエルフさんは\nものの頼みかたを\n知らねえようだな		
556	0x009326	1	6	6	やれやれ……		
557	0x00933c	1	9	9	お金を渡しますか？		
558	0x009358	1	13	13	……で、何が聞きたいんだ？		
559	0x00937c	3	22	12	メタルには\nひどく痛めつけられたって\n話ですが？		
560	0x0093b6	3	16	8	おまえら\n俺たちを\n笑いに来たのか？		
561	0x0093de	3	21	12	確かに\nひどい有様さ\n奴らの勢いにはかなわねえ		
562	0x009416	2	17	9	礼儀を知らねえ奴に\n話すことはねえぜ		
563	0x009440	2	8	4	周囲\nギャング		
564	0x009456	3	12	4	仲間\n入口の男\nギャング		
565	0x009476	2	14	7	無理に押し入る\n引き上げる		
566	0x00949c	1	11	11	へえ、上品な店じゃない		
567	0x0094b6	2	14	9	ギャングが\n集まるっていうから		
568	0x0094d8	2	17	11	もっとけばけばしいのを\n想像してたわ		
569	0x009506	2	16	9	こうして見ると\n普通の店なんだけど		
570	0x009532	3	21	12	ちっ\nどうやら、休みのようだな\n出直すしかない		
571	0x00956a	3	21	13	なぁんだ\nせっかく\n話が聞けると思ったのに……		
572	0x0095a2	3	19	11	待ちなよ\nあんたら\nどこへいくつもりだい？		
573	0x0095d6	1	6	6	帰るところさ		
574	0x0095e6	3	25	12	魔法使いに\n会いにきたんだが\n相手にしてもらえなくてな		
575	0x009626	2	13	9	影使いに\n会いたいんだろう？		
576	0x009646	2	13	7	こっちへ来な\n会わせてやるよ		
577	0x00966c	1	4	4	やった！		
578	0x009678	3	21	9	どうやら\nウイザーズの面々が\nおでましみたいね		
579	0x0096b0	2	14	8	このなかにも\n魔法使いがいるわ		
580	0x0096d8	3	21	11	どうやら\n簡単に会わせるつもりは\nなさそうだな		
581	0x009710	1	11	11	こいつらから聞き出そう		
582	0x009730	1	12	12	いったい、どういうこと？		
583	0x009752	1	2	2	……		
584	0x009760	1	2	2	……		
585	0x00976e	3	28	12	……とにかく\nシルバー・ムーンに戻って\n考えをまとめましょう		
586	0x0097b4	1	8	8	影使いはどこだ？		
587	0x0097c8	3	15	7	まさか\nこんなところで\nご対面か？		
588	0x0097f4	3	20	9	おまえら\n影使いに会って\nどうするつもりだ？		
589	0x00982a	2	19	11	少し話を聞きたいだけさ\n渋谷のこととかね		
590	0x00985c	1	3	3	……！		
591	0x009866	2	26	13	いま渋谷に戻られたら面倒だ\n……かまわん、やっちまえ！		
592	0x0098a6	3	19	9	魔法を\nこんな風にしか\n使えないなんて……		
593	0x0098da	1	2	2	……		
594	0x0098e8	2	22	11	さあ、答えてもらおうか\nなぜ、俺たちを襲った？		
595	0x009920	3	25	11	影使いのことを\n調べまわる奴は\n生かしちゃおけねぇ……		
596	0x009960	2	18	9	影使いを隠すことに\nどんな意味がある？		
597	0x009990	2	10	6	……へっ\n知るもんか！		
598	0x0099b0	2	17	11	聞きわけがない坊やには\nこうだぜ……		
599	0x0099de	1	3	3	ひっ！		
600	0x0099ee	2	13	11	なぜ\n影使いを隠そうとする？		
601	0x009a14	1	4	4	……くっ		
602	0x009a26	1	3	3	答えろ		
603	0x009a36	2	20	12	……影使いは、もういない\n死んじまったのさ		
604	0x009a76	1	9	9	影使いが、死んだ？		
605	0x009a92	2	10	8	ああ\nもう1ヵ月になる		
606	0x009aac	2	17	9	渋谷の戦いで受けた\n流れ弾が原因でな		
607	0x009ad4	2	17	9	あれほどの使い手が\nあっけないもんさ		
608	0x009b02	3	27	12	影使いが死んだとわかれば\nメタルの連中が\n勢力を伸ばそうと		
609	0x009b40	2	16	10	こっちにまで\n乗りこんでくるだろう		
610	0x009b66	3	20	8	そうなりゃ\nいまの俺たちは\nひとたまりもない		
611	0x009b96	3	20	11	だから\n影使いの死は\n知られたくなかった……		
612	0x009bcc	2	12	9	じゃあ\nこいつに見覚えは？		
613	0x009bf0	1	3	3	……！		
614	0x009bfa	3	22	8	そ、そいつは\n影使いが操ってた\n精霊じゃねえか！		
615	0x009c34	1	4	4	なにっ！		
616	0x009c46	3	25	12	影使いが従えていた精霊は\n人間の姿に\nなることができた		
617	0x009c80	2	18	11	きれいな女にも\n恐ろしい用心棒にも……		
618	0x009caa	3	22	10	それで\n俺たちといっしょに\n行動することもあった		
619	0x009cde	2	12	10	俺は\n魔法は使えないからな		
620	0x009cfc	3	20	12	あとで\nこいつは人間じゃないって\n聞かされて		
621	0x009d2c	2	16	12	ずいぶん気味悪かったのを\n覚えてる		
622	0x009d52	3	25	11	そのホロの侍は\n影使いが連れてた精霊に\nそっくりだ……		
623	0x009d92	1	4	4	頼む……		
624	0x009d9e	3	29	12	何が目的かは知らないが\n影使いが死んだことだけは\n黙っててくれ		
625	0x009de0	3	25	12	メタルの連中に知られたら\n今度こそ\n本当につぶされる！		
626	0x009e20	1	2	2	……		
627	0x009e2a	5	15	3	店\nのれん\n店内\n主人\n以蔵		
628	0x009e54	3	6	2	仲間\n主人\n以蔵		
629	0x009e68	2	8	4	威圧する\n無視する		
630	0x009e82	2	14	10	なんだか\nうらぶれた感じの店ね		
631	0x009eaa	2	19	11	落ちこんだ人には\nぴったりと思うけど……		
632	0x009edc	2	14	11	『暁』\n間違いない、この店だわ		
633	0x009f04	1	12	12	日本風の飲み屋ですか……		
634	0x009f20	2	15	13	実は\nこういう店ははじめてで……		
635	0x009f4a	1	5	5	はじめて？		
636	0x009f58	3	25	14	そういえば\nDヘッドって\nあんまりお酒飲まなかったわね		
637	0x009f98	1	9	9	とにかく中に入ろう		
638	0x009fb4	1	8	8	店に入りますか？		
639	0x009fce	3	21	11	いらっしゃい！\nどうぞ\nこちらのカウンターへ！		
640	0x00a000	1	9	9	なんにしましょう？		
641	0x00a01c	1	3	3	熱かん		
642	0x00a02c	1	4	4	あたしも		
643	0x00a03e	1	12	12	……わたしは水でいいです		
644	0x00a060	3	22	9	なあ、おやじさん\n以蔵ってサムライは\n来てるかい		
645	0x00a09a	1	9	9	へっ以蔵さんかい？		
646	0x00a0b6	2	16	9	ほら、あそこで\n飲んでるのがそうさ		
647	0x00a0e2	2	16	10	中はちょっと\n古めかしい感じだけど		
648	0x00a108	2	16	12	たまには\nこういうのも悪くないわね		
649	0x00a134	2	12	8	おじさん\nおでんちょうだい		
650	0x00a158	1	4	4	へいっ！		
651	0x00a16a	2	16	12	すっかり\n自信をなくしてるって感じ		
652	0x00a196	3	25	11	かなりの凄腕らしいけど\nいまは\nとてもそう見えないわね		
653	0x00a1d6	3	27	12	名うてのサムライが\nこんなとこで\nくすぶってるとはねえ……		
654	0x00a21a	2	18	10	精霊っていうなら\nマオの専門じゃないか		
655	0x00a24a	2	13	7	あたしの友達は\n自然界の精霊		
656	0x00a26a	3	27	11	影使いって人が操ってた\n元素の精霊とは\nぜんぜん別物なのよ		
657	0x00a2a8	1	11	11	あたしにはわからないわ		
658	0x00a2c8	2	12	8	いいの？\nあんなこと言って		
659	0x00a2e6	3	25	11	あの人に先を越されると\nあたしたち\nただ働きになるわよ		
660	0x00a326	3	17	10	すまない\nだけど\n一目見てわかったんだ		
661	0x00a350	2	12	8	あの男は\n本当のサムライだ		
662	0x00a36e	2	17	11	あんなとこで\nくすぶってる奴じゃない		
663	0x00a396	2	20	12	サムライの誇りを\n思い出してほしかったのさ		
664	0x00a3ca	2	16	10	……まったく\n人がいいんだから……		
665	0x00a3f6	3	20	9	しかし\n銃が効かないとはな\nどういうことだ？		
666	0x00a42c	3	16	11	風に\n助けられたっていうのも\n妙よね		
667	0x00a45a	2	18	12	果たして相手は魔法使いか\n……それとも		
668	0x00a48a	2	14	8	……それとも\n人間ですらないか		
669	0x00a4b2	3	29	11	いずれにしても\n以蔵が逃げこんだ場所に\n行ってみる必要があるな		
670	0x00a4fa	3	21	11	とにかく\n以蔵が逃げこんだ場所に\n行ってみよう		
671	0x00a532	2	15	10	あそこで飲んでるのが\n以蔵さんさ		
672	0x00a55c	3	25	11	待ちなよ\nあんたら、見ねえ顔だな\n以蔵さんに何の用だ？		
673	0x00a59c	2	16	9	あんたを襲ったのは\nこいつだろう？		
674	0x00a5c8	1	4	4	……ああ		
675	0x00a5da	2	22	12	襲われたときのことを\n詳しく聞かせてほしいんだ		
676	0x00a612	1	7	7	あのことか……		
677	0x00a62a	3	31	14	メタル・ラビリンスの\n連中に頼まれて\n辻斬りを張ってたときのことだ		
678	0x00a670	2	21	11	ちょうどメンバーから\n緊急の連絡が入ったのさ		
679	0x00a6a0	2	20	10	辻斬りを見つけたから\n手を貸してくれってな		
680	0x00a6ce	2	13	11	だが\n俺が駆けつけたときには		
681	0x00a6ee	2	20	10	知らせてくれたやつは\nもう血祭りにされてた		
682	0x00a71c	1	10	10	体にしみついた反射さ		
683	0x00a734	3	25	10	俺は即座に銃を抜いて\nありったけの弾を\n奴に撃ちこんだ		
684	0x00a76e	3	19	9	……だが\nまったく手ごたえが\nありゃしねえ		
685	0x00a79c	2	11	9	銃が\nろくに効かねえんだ		
686	0x00a7b8	2	21	11	弾倉を空にしたあとも\n奴は平然としてやがった		
687	0x00a7e8	3	17	10	そして\n俺を見て\n笑いやがったのさ……		
688	0x00a818	3	22	12	……俺も\n銃の効かない奴と戦うほど\nバカじゃない		
689	0x00a84c	3	17	9	そこから\nさっさと\nずらかろうとしたさ		
690	0x00a876	2	14	10	……だが\n奴を振りきれなかった		
691	0x00a898	3	23	12	奴は\nじわじわといたぶるように\n俺を傷つけていった		
692	0x00a8ce	1	7	7	情けないもんさ		
693	0x00a8e0	3	20	11	俺は\n恐ろしくなって\n逃げるしかなかったんだ		
694	0x00a910	3	19	12	気がつきゃ\n俺は\n袋小路に追いつめられてた		
695	0x00a944	2	14	10	……だが\n妙なこともあるもんさ		
696	0x00a966	3	16	10	奴は\nそれ以上\n追いかけてこなかった		
697	0x00a98e	3	24	9	それどころか\nそこに立ち止まって\nすっと消えちまった		
698	0x00a9c6	3	24	10	……へっ\n俺は、奴のきまぐれで\n生き延びたってわけさ		
699	0x00aa04	2	15	11	辻斬りが\nとどめを刺さなかった？		
700	0x00aa2e	3	20	11	ああ\n逃げ込んだ場所の手前で\n奴は足を止めた		
701	0x00aa64	1	8	8	どういうことだ？		
702	0x00aa7e	3	15	8	さあな\nこっちが\n聞きたいくらいだ		
703	0x00aaa4	2	11	7	……ただ\n風が……吹いた		
704	0x00aac0	2	12	8	ちょうど\n奴が姿を消す前だ		
705	0x00aade	3	15	11	へっ\n俺は\n風に助けられたのかもな		
706	0x00ab0a	3	16	8	なんでもいい\n他に\n気づいたことは？		
707	0x00ab38	1	3	3	……！		
708	0x00ab42	2	12	8	……いや\nそんなはずはねえ		
709	0x00ab66	1	5	5	どうした？		
710	0x00ab7a	3	19	10	奴とは\n前にどこかで\n戦ったような気がする		
711	0x00aba8	1	11	11	……たんなる思い過しさ		
712	0x00abd4	3	28	10	メタル・ラビリンスの\n抗争相手について\nなにか知ってるかい？		
713	0x00ac14	2	17	11	今度の事件が\nメタルに対する報復なら		
714	0x00ac3c	2	15	8	戦ってた相手を\n探るのが早そうだ		
715	0x00ac66	3	28	11	一番最近の抗争相手なら\nウイザーズ・エッジ\n横浜のギャングさ		
716	0x00aca6	2	24	12	魔法の使い手が多いんでね\n一筋縄じゃいかない相手だ		
717	0x00acdc	3	22	12	なかでも\n『影使い』って魔法使いは\n手ごわかった		
718	0x00ad16	1	4	4	影使い？		
719	0x00ad28	2	19	11	元素の精霊を操り\n強力な呪文を使いこなす		
720	0x00ad54	2	24	15	あるいは奴なら……\n今度の事件を起こせるかもしれん		
721	0x00ad90	3	20	8	そうだ、以蔵さん\n辻斬りは\n俺たちが始末する		
722	0x00adc0	3	17	10	あんたは\nここで\nくすぶってるがいいさ		
723	0x00adea	2	11	7	取りまきどもと\n一緒にな		
724	0x00ae0c	1	4	4	……へっ		
725	0x00ae18	2	20	11	……待ちな、若いの\nあいつは……俺の獲物だ		
726	0x00ae4c	3	14	9	なら\nどっちが先に倒すか\n競争だ		
727	0x00ae70	3	23	13	まあ\nいまのあんたじゃ\n俺たちの勝ちは見えてるがな		
728	0x00aeac	1	2	2	……		
729	0x00aeba	1	6	6	……黙りな！		
730	0x00aed0	1	4	4	うっ……		
731	0x00aee2	3	27	13	以蔵さんと話がしたいだけさ\nあんたに\n用があるわけじゃない		
732	0x00af26	2	18	13	……くっ！\nなめんじゃねえぞっ、若造！		
733	0x00af56	2	18	12	おいおいっ！\nケンカは外でやってくれ！		
734	0x00af86	3	23	10	そのへんでやめときな\nその若いのは\n『サムライ』だ		
735	0x00afc2	1	4	4	うぇっ！		
736	0x00afd4	1	11	11	あんたが以蔵さんだな？		
737	0x00aff4	1	2	2	……		
738	0x00b002	2	24	12	腕利きのサムライにしちゃ\nみっともない姿じゃないか		
739	0x00b038	2	17	9	辻斬りにやられて\n落ち込んでるとはね		
740	0x00b060	3	18	9	おまけに\n取りまきまでつけて\nいい身分だ		
741	0x00b08c	2	14	10	そんなに\n辻斬りが恐いのかい？		
742	0x00b0b4	3	23	12	……若いの\nケンカをふっかけるんなら\n他をあたりな		
743	0x00b0ea	3	20	10	あいにく\nつきあってやれるほど\nヒマじゃねえ		
744	0x00b120	2	16	14	別に\nケンカを売りたいわけじゃない		
745	0x00b146	2	18	11	いくつか教えてくれれば\n邪魔はしないさ		
746	0x00b176	1	3	3	……？		
747	0x00b186	1	2	2	……		
748	0x00b194	2	7	4	おい！\n待ちな！		
749	0x00b1a8	2	19	11	以蔵さんになんの用だと\n聞いてんだよ！！		
750	0x00b1da	1	2	2	……		
751	0x00b1e8	3	17	6	この野郎……\nいい度胸だ！\n表に出な！		
752	0x00b218	2	10	8	ちっ\nうざってえやつだ		
753	0x00b238	1	9	9	ちょっと、大丈夫？		
754	0x00b254	2	13	9	大丈夫さ\nちょっと行ってくる		
755	0x00b27a	2	21	11	たいしたやんちゃ坊主だ\n俺もぶちのめすかい？		
756	0x00b2b0	3	18	8	やめとくよ\nあんたとは\n話をしたいだけだ		
757	0x00b2dc	3	21	10	しかし\n素人同然の取りまきに\n守ってもらうとは		
758	0x00b30e	2	14	10	どういう\n風の吹きまわしだい？		
759	0x00b330	2	13	9	腕利きの\nサムライなんだろ？		
760	0x00b356	3	20	9	いまになって\n俺の首を狙う連中が\n多いんでな		
761	0x00b386	2	17	11	戦いに負けたサムライは\n悲しいもんさ		
762	0x00b3b4	2	12	10	おや\n以蔵さんならいねえぜ		
763	0x00b3d4	4	24	6	オンフォール\nギャング\n店内\nハジメ		
764	0x00b40e	3	12	4	仲間\nギャング\nハジメ		
765	0x00b432	3	22	11	危険な感じの店ね\nさすが\nギャングのたまり場だわ		
766	0x00b46c	2	16	10	コネがないと\n入れないっていうけど		
767	0x00b498	2	16	10	メタル・ラビリンスの\nメンバーだわ		
768	0x00b4c4	3	19	12	確かに\nあれじゃ\n普通のお客は入れないわね		
769	0x00b4f8	2	11	7	ハジメは\n店の中のようだ		
770	0x00b51a	1	7	7	店に入りますか		
771	0x00b532	3	15	6	おっと\n満員なんでね\n遠慮しときな		
772	0x00b55e	2	13	7	ハジメの友達だ\n六堂っていう		
773	0x00b584	1	9	9	……ハジメさんの？		
774	0x00b59a	2	10	6	わかった\n入っていいぜ		
775	0x00b5ba	1	8	8	とっとと、うせな		
776	0x00b5d4	2	15	11	ギャングのたまり場って\nいうから		
777	0x00b5f8	2	16	11	もっと危険なところかと\n思ってたわ		
778	0x00b624	2	13	7	見ためだけじゃ\nわからないさ		
779	0x00b64a	3	20	11	まあいいわ\nあたしは\nあっちで踊ってくるから		
780	0x00b680	3	20	9	やれやれ\n踊ってるどころじゃ\nないんだが……		
781	0x00b6b6	2	16	9	踊ってるどころじゃ\nないんだが……		
782	0x00b6e2	2	16	9	あれ、六堂さん……\nどうしました？		
783	0x00b70e	2	15	11	さっさと\n用事をすませてしまおう		
784	0x00b738	3	23	10	『以蔵』って用心棒が\n辻斬りにやられたって\n聞いた		
785	0x00b76e	1	10	10	少し教えてくれないか		
786	0x00b78c	1	8	8	ああ、以蔵さんね		
787	0x00b7a0	3	21	11	確かに\nウチで用心棒を\nやってもらってましたよ		
788	0x00b7d2	2	18	10	腕のたつ男でした\nボスにも信頼されてた		
789	0x00b7fc	2	22	12	俺たちが力を伸ばせたのも\nあの人がいたからです		
790	0x00b82e	3	24	11	もっとも\n辻斬り事件のあとは\n変わっちまいましたがね		
791	0x00b86c	1	9	9	いまはどうしてる？		
792	0x00b888	3	27	12	辻斬りに負けはしましたが\nなんとか\n生きて帰ってきましたよ		
793	0x00b8c6	2	19	10	それっきり用心棒を\nやめちまいました……		
794	0x00b8f8	1	8	8	用心棒をやめた？		
795	0x00b90c	2	12	10	いま\nここにはいないのか？		
796	0x00b930	1	2	2	ええ		
797	0x00b938	2	19	10	辻斬りに負けたのが\nよほどこたえたらしい		
798	0x00b96a	1	10	10	どこに行けば会える？		
799	0x00b988	3	25	11	たしか\n東新宿の『暁』って店で\nくすぶってるはずですよ		
800	0x00b9c2	2	20	13	自信をなくして\nだいぶ落ちこんでるようです		
801	0x00b9f6	2	17	11	『暁』か……\n行ってみる必要があるな		
802	0x00ba24	2	19	11	それより六堂さん\nこの一件がかたづいたら		
803	0x00ba50	2	14	11	ウチで\n用心棒をやりませんか？		
804	0x00ba78	2	13	8	六堂さんの腕なら\n信用できる		
805	0x00ba98	1	11	11	悪いようにはしませんよ		
806	0x00bab8	1	5	5	……悪いな		
807	0x00bac6	2	14	8	代わりの用心棒が\n欲しいんなら		
808	0x00bae8	1	8	8	他を当たってくれ		
809	0x00bb02	1	14	14	以蔵にはどこに行けば会える？		
810	0x00bb28	2	22	11	東新宿の『暁』って店で\nくすぶってるはずですよ		
811	0x00bb60	1	6	6	『暁』か……		
812	0x00bb72	1	2	2	周囲		
813	0x00bb7a	4	16	4	仲間\n通行人1\n通行人2\n通行人3		
814	0x00bba8	1	10	10	横浜を当たってみよう		
815	0x00bbc0	3	25	13	メタルと戦ってた\nウイザーズというギャングが\n気になる		
816	0x00bc00	2	21	12	まるで日本じゃないみたい\n不思議な感じの街ね		
817	0x00bc36	3	21	10	この街じゃ\n外国の企業が\n幅をきかせてるからな		
818	0x00bc6e	1	3	3	ふうん		
819	0x00bc7e	2	17	12	とりあえず\nウイザーズを捜さなきゃね		
820	0x00bcac	3	16	8	さて\nウイザーズに\nあたってみましょ		
821	0x00bcda	1	10	10	聞き込みをしてみるか		
822	0x00bcf8	2	19	13	ウイザーズが\nおとなしくしているおかげで		
823	0x00bd24	1	10	10	最近は、静かなもんさ		
824	0x00bd42	3	24	9	あいつらなら\n緋文楼ってクラブを\nたまり場にしてるぜ		
825	0x00bd80	3	19	7	それにしても\nあんなとこに\nなんの用だい？		
826	0x00bdb4	2	12	7	ちょっとね\nヤボ用があって		
827	0x00bdd8	2	14	10	……まあ\n場所は教えてやるがよ		
828	0x00bdfa	3	22	11	近づかないほうがいいぜ\nどうなっても\n知らねえよ		
829	0x00be34	2	24	12	最近はなりをひそめてるが\n危険な連中には変わりない		
830	0x00be70	3	31	12	どうしても行くってんなら\nそれなりの覚悟を\n決めといたほうがいいぜ		
831	0x00bebc	3	24	10	ウイザーズの連中には\nわたしたちも\n手を焼いてるのよ		
832	0x00bef4	2	18	9	奇妙な魔法を使って\nしたい放題ですもの		
833	0x00bf24	1	9	9	そんなにひどいの？		
834	0x00bf40	3	19	9	ええ\n変な幻を作ったり\n呪文で物を壊したり		
835	0x00bf6e	3	20	8	おまけに\n東京のギャングと\n戦いはじめたのよ		
836	0x00bfa4	3	21	11	それなら\nもう戦いは終わったって\n聞いたけど？		
837	0x00bfdc	1	8	8	そうなんだけどね		
838	0x00bff0	3	23	9	今度は今度で\n仕返しをこわがって\nピリピリしてるわ		
839	0x00c02c	2	10	7	えっ？\nウイザーズが？		
840	0x00c04c	3	18	10	ウイザーズ？\nああ\nあの不良魔法使いたち		
841	0x00c078	2	14	10	最近じゃ\nおとなしいもんですよ		
842	0x00c09a	2	22	12	どこかのギャングと戦って\n負けたらしいですがね		
843	0x00c0d2	3	30	12	ま、このまま\nおとなしくしててくれれば\nずいぶん平和なんですがね		
844	0x00c11c	2	15	10	とりあえず\n考えをまとめてみよう		
845	0x00c146	2	13	11	まず\n最初から整理してみよう		
846	0x00c16c	1	2	2	ああ		
847	0x00c174	3	27	14	俺たちは\n渋谷の辻斬り事件の\n犯人を追うという依頼を受けた		
848	0x00c1b8	1	11	11	犯人は着流し姿の『侍』		
849	0x00c1d2	2	14	11	しかし\n目立つ姿をしているのに		
850	0x00c1f4	2	18	10	手がかりらしいものは\nほとんどなかった		
851	0x00c224	3	20	10	だが\n不意に現われたり\n姿をかき消したりする		
852	0x00c254	2	19	10	魔法がからんでるのは\nまず間違いなかった		
853	0x00c280	3	23	10	そこで\nメタル・ラビリンスと\n抗争を繰り広げていた		
854	0x00c2b6	2	22	12	ウイザーズの魔法使い\n『影使い』が浮かんできた		
855	0x00c2ee	3	30	12	辻斬りに襲われた\nメタルのメンバーの言葉が\nヒントになったのよね		
856	0x00c338	1	2	2	でも		
857	0x00c340	3	23	12	その『影使い』は\nすでに\n命を落としていました……		
858	0x00c37c	3	22	10	辻斬りの\n正体に近づくヒントは\nそれだけじゃない		
859	0x00c3b6	3	19	10	そうだな\n重要なのは\n生き残りたちの証言だ		
860	0x00c3ea	3	33	12	メタルの用心棒、以蔵は\n地下の換気ダクトから\n吹き出す風に救われた……		
861	0x00c43a	3	27	12	それに、チョロって子は\n辻斬りが\n精霊に似てるって言ってた		
862	0x00c478	2	18	13	そうなると\nやっぱり辻斬りの正体は……		
863	0x00c4a8	3	15	7	そう\n辻斬りの正体は\n精霊なんだわ		
864	0x00c4ce	2	19	11	ウイザーズのメンバーも\n辻斬りの姿を見て		
865	0x00c4fa	2	18	12	影使いのしもべの精霊だと\n言ってた……		
866	0x00c524	2	12	10	でも\n本当にそんなことが？		
867	0x00c548	2	15	10	これ以上は\nあたしにはわからない		
868	0x00c56c	3	22	11	でも\n十日堂のお婆ちゃんなら\nなにか知ってるかも		
869	0x00c5a6	3	24	11	相手が\n魔法の生き物となると\n戦いかたを考えないとな		
870	0x00c5de	2	16	10	俺は武器屋のおやじに\n会ってみるよ		
871	0x00c60a	2	16	10	十日堂のお婆ちゃんに\n会ってみよう		
872	0x00c630	3	17	7	魔法のことなら\nあたしより\n詳しいはず		
873	0x00c660	2	16	10	俺は武器屋のおやじに\n会ってこよう		
874	0x00c68c	1	12	12	これで、情報はそろったな		
875	0x00c6ae	3	20	11	どうやら\n厄介な敵を\n相手にしなきゃならない		
876	0x00c6e4	3	26	12	しかし\n一度、引き受けた仕事だ\n途中で投げ出せはしないな		
877	0x00c726	2	14	9	そうですね\n乗りかかった船です		
878	0x00c748	2	16	12	わたしは\n最後まで見届けたいですね		
879	0x00c774	2	16	9	……精霊はあたしが\nなんとかするわ		
880	0x00c79a	3	25	11	銃の効かない相手じゃ\nあたしが\nがんばるしかないもんね		
881	0x00c7da	2	16	10	思い詰めても\nいいことなんかないぜ		
882	0x00c800	2	20	10	ヤバくなったら逃げる\nそれでいいじゃないか		
883	0x00c834	3	29	12	はい、シルバー・ムーン\nええ、いらっしゃいますよ\n少々お待ちを		
884	0x00c876	2	20	10	六堂さん、お電話です\nハジメさんからですよ		
885	0x00c8aa	1	2	2	俺だ		
886	0x00c8b8	3	24	10	ああ、六堂さん\n実はいましがた\n連絡が入ったんですが		
887	0x00c8f0	3	25	11	以蔵が辻斬りにやられて\n医者に\nかつぎこまれたようです		
888	0x00c92a	3	20	13	どうやら\n自分で\nケリをつけようとしたらしい		
889	0x00c960	1	4	4	以蔵が！		
890	0x00c972	3	27	11	路地に倒れてるところを\nウチのメンバーが\n見つけたんですが		
891	0x00c9b0	2	17	12	六堂さんに\n会いたがってたらしいので		
892	0x00c9de	1	9	9	以蔵は無事なのか？		
893	0x00c9fa	2	11	9	ええ\n悪運の強い男ですよ		
894	0x00ca16	2	14	11	いまは\n秋葉の闇医者のはずです		
895	0x00ca38	2	20	15	『エンジェル・クリニック』って\n病院ですよ		
896	0x00ca6c	2	10	6	わかった\n行ってみよう		
897	0x00ca8c	1	11	11	以蔵が辻斬りにやられた		
898	0x00caac	1	3	3	……！		
899	0x00cabc	2	18	12	俺に会いたがってるらしい\n行ってみよう		
900	0x00caec	1	10	10	とにかく以蔵に会おう		
901	0x00cb0a	3	24	11	どうしたんですか？\nみなさん\nお疲れのようですが……		
902	0x00cb48	2	20	12	浮かない顔ですね\n何かお作りしましょうか？		
903	0x00cb7c	2	18	12	『十日堂』のお婆ちゃんに\n会ってみるわ		
904	0x00cba6	3	23	9	あたしの師匠で\n魔法のことなら\nなんでも知ってるし		
905	0x00cbdc	2	14	8	こういうときには\n頼りになるわ		
906	0x00cc04	3	26	13	俺は\n『トリプルZ』に行ってくる\n知りあいの武器屋なんだ		
907	0x00cc40	2	16	12	あれこれ\n武器を世話してくれるから		
908	0x00cc66	2	21	11	妙な相手との戦いかたも\n知ってるかもしれない		
909	0x00cc9c	1	10	10	ようやくかたづいたな		
910	0x00ccb4	2	20	12	こうやって息をしてるのが\n不思議なくらいだ		
911	0x00cce8	1	2	2	ああ		
912	0x00ccf0	3	27	12	じきにハジメがやって来る\nあとは報酬を受けとって\n終わりさ		
913	0x00cd34	3	25	9	でも、どうするの？\n影使いのことも\n全部話してしまう？		
914	0x00cd6e	2	22	11	影使いのことを知ったら\nウイザーズが狙われるわ		
915	0x00cda0	2	16	11	また抗争が\nはじまっちゃうかも……		
916	0x00cdcc	1	6	6	そうだな……		
917	0x00cde2	3	18	8	聞きましたよ\n辻斬りを\n倒したそうですね		
918	0x00ce14	2	13	8	奴の正体は\nわかりましたか？		
919	0x00ce3a	1	11	11	……疲れる仕事だったな		
920	0x00ce5a	1	6	6	まったくです		
921	0x00ce70	2	24	12	マオの神がかりがなければ\nこっちが殺られてたかもな		
922	0x00ceac	1	7	7	そのお壌さんも		
923	0x00cebe	3	20	10	あれから\n物思いにふけったまま\nですからねぇ		
924	0x00cef4	3	19	10	どうやら\n骨の折れる\n仕事だったようですね		
925	0x00cf28	1	2	2	ああ		
926	0x00cf30	3	22	11	なにせ\nとらえどころのない奴が\n相手だったんでね		
927	0x00cf6a	1	5	5	そう言えば		
928	0x00cf78	3	24	11	マオさんに\nこういう謎かけを\n教えてもらったんですよ		
929	0x00cfb0	3	31	12	触れることはできなくても\n感じることはできるもの\nそれは何かってね		
930	0x00cffc	1	3	3	……？		
931	0x00d00c	1	10	10	答えは『精霊』ですよ		
932	0x00d02a	2	15	11	そいつは\n少し変えたほうがいいな		
933	0x00d04e	2	16	12	……俺は\nこの手で触れてきたぜ……		
934	0x00d07a	1	9	9	真相を明かしますか		
935	0x00d096	3	23	11	ウイザーズには\n影使いって\n魔法使いがいたらしいが		
936	0x00d0d2	2	19	12	辻斬りの正体は\nそいつが支配してた精霊さ		
937	0x00d0fe	3	22	11	影使いは\n抗争で受けた傷がもとで\n命を落としてた		
938	0x00d132	3	23	11	それで\n支配を逃れた精霊が\n暴れまわったってわけさ		
939	0x00d16e	3	25	11	待ってください？\n影使いが死んだってのは\n本当ですか？		
940	0x00d1ae	2	11	9	ああ\n横浜で確かめてきた		
941	0x00d1d0	1	12	12	それはすごいニュースだ！		
942	0x00d1ec	3	26	12	こうしちゃいられない\n今度こそ\nウイザーズを倒してやる！		
943	0x00d228	2	17	11	……六堂さん\nありがとうございました		
944	0x00d250	2	16	9	これは報酬です\n受けとってください		
945	0x00d276	2	14	10	約束より\n少し多めになってます		
946	0x00d29e	3	20	10	辻斬りの正体？\nどこかからやって来た\n精霊さ		
947	0x00d2d4	3	20	11	だが\nいまは思い出したくない\nすまないが……		
948	0x00d30a	3	30	12	ええ、ええ、かまいません\nあの邪魔な奴が\nいなくなったんですから		
949	0x00d34e	3	20	10	なにはともあれ\n報酬を\nお渡ししておきますよ		
950	0x00d37e	1	12	12	本当に世話になりましたね		
951	0x00d39a	3	18	8	そうだ！\n何かあったら\n連絡してください		
952	0x00d3c6	3	25	11	俺たちで\n力になれることがあれば\nいつでも協力しますよ		
953	0x00d406	2	21	12	じゃあ、俺はこれで\nまた何かあったら頼みます		
954	0x00d438	3	18	10	あのとき\nあたしに\n力を貸してくれたのは		
955	0x00d464	1	10	10	いったい誰なんだろう		
956	0x00d47c	3	26	10	あの子が言ってた通り\n精霊たちの呼びかけに\nよく似ていた		
957	0x00d4b8	2	18	11	だけど、もっと大きくて\nもっと力強い声		
958	0x00d4e2	3	21	9	いつでも\n見守ってくれている\nそんな感じがする		
959	0x00d514	2	17	12	この街には\nまだまだ秘密が眠っている		
960	0x00d53c	3	23	10	いつかまた\nあの力に触れることが\nできるだろうか？		
961	0x00d574	1	3	3	セーブ		
962	0x00d586	3	6	2	遅い\n普通\n速い		
