block	line	offset	kind	speaker	flag	win	cells	budget	japanese	english
0	0	0x0033A6	count				10	20	　　　辻斬り事件	
1	0	0x0033BE	count				10	20	　　　3ヶ月後	
2	0	0x0033D6	count				5	10	見る	
2	1	0x0033E2	count				5	10	話す	
2	2	0x0033EE	count				5	10	移動	
2	3	0x0033FA	count				5	10	アイテム	
2	4	0x003406	count				5	10	コンタクト	
2	5	0x003412	count				5	10		
3	0	0x003420	count				6	12	ｼﾙバｰﾑｰﾝ	
3	1	0x00342E	count				6	12	現場1	
3	2	0x00343C	count				6	12	現場2	
3	3	0x00344A	count				6	12	現場3	
3	4	0x003458	count				6	12	渋谷	
3	5	0x003466	count				6	12	逆島屋	
3	6	0x003474	count				6	12	緋文楼	
3	7	0x003482	count				6	12	暁	
3	8	0x003490	count				6	12	ｵﾝﾌｫｰﾙ	
3	9	0x00349E	count				6	12		
3	10	0x0034AC	count				6	12	横浜	
3	11	0x0034BA	count				6	12	ナット	
3	12	0x0034C8	count				6	12	データネット	
3	13	0x0034D6	count				6	12	十日堂	
3	14	0x0034E4	count				6	12	ZZZ	
4	0	0x0034F2	page				6	12	ｴﾝジｪﾙｸﾘﾆｯｸ	
5	0	0x003502	count				5	10	ポｹｯﾄｾｸﾚﾀﾘｰ	
6	0	0x003510	count				6	12	ナット	
6	1	0x00351E	count				6	12	データネット	
6	2	0x00352C	count				6	12	十日堂	
6	3	0x00353A	count				6	12	トリプルZ	
6	4	0x003548	count				6	12	ｴﾝジｪﾙｸﾘﾆｯｸ	
7	0	0x003558	count				3	6	はい	
7	1	0x003560	count				3	6	いいえ	
8	0	0x003570	page	FF00	0000		13	26	わかってもらえるだろうか？	
8	1	0x00358C	page	FF00	0000		5	10	あたしには	
8	2	0x003598	page	FF00	0000		10	20	たくさんの仲間がいる	
9	0	0x0035B0	page			2424	10	20	六堂、紫雲、Dヘッド	
9	1	0x0035C6	page			2424	11	22	そして、彼らのほかにも	
9	2	0x0035DE	page			2424	12	24	眼には見えない仲間たちが	
10	0	0x0035FA	page			2424	3	6	それは	
10	1	0x003602	page			2424	10	20	街に息づく精霊たちだ	
11	0	0x00361A	page			2424	13	26	魔力の恵みを受けない人には	
11	1	0x003636	page			2424	12	24	信じられないかもしれない	
12	0	0x003652	page			2424	3	6	だけど	
12	1	0x00365A	page			2424	3	6	街には	
12	2	0x003662	page			2424	12	24	確かに精霊が息づいている	
13	0	0x00367E	page			2424	11	22	あたしたちシャーマンは	
13	1	0x003696	page			2424	12	24	そうした精霊の力を借りて	
14	0	0x0036B2	page			2424	8	16	街に隠された力を	
14	1	0x0036C4	page			2424	10	20	引き出すことができる	
15	0	0x0036DC	page			2424	2	4	そう	
15	1	0x0036E2	page			2424	3	6	街には	
15	2	0x0036EA	page			2424	13	26	たくさんの力が隠されている	
16	0	0x003708	page			2424	14	28	あたしがまだ触れたことのない	
16	1	0x003726	page			2424	3	6	力さえ	
16	2	0x00372E	page			2424	5	10	眠っている	
17	0	0x00373C	page			2424	4	8	この街は	
17	1	0x003746	page			2424	9	18	まだ、すべての顔を	
17	2	0x00375A	page			2424	11	22	あたしに見せてはいない	
18	0	0x003774	page			2424	5	10	このごろは	
18	1	0x003780	page			2424	6	12	そんな思いに	
18	2	0x00378E	page			2424	10	20	とらわれることがある	
19	0	0x0037A8	count			2323	4	8	店内	
19	1	0x0037B2	count			2323	4	8	バーテン	
20	0	0x0037BE	count				4	8	仲間	
20	1	0x0037C8	count				4	8	バーテン	
20	2	0x0037D2	count				4	8	ハジメ	
21	0	0x0037DE	count				6	12	辻斬り事件	
21	1	0x0037EC	count				6	12	渋谷抗争事件	
21	2	0x0037FA	count				6	12	検索終了	
22	0	0x00380A	count				7	14	選択して下さい	
23	0	0x00381C	count				8	16	真相を明かす	
23	1	0x00382E	count				8	16	真相を明かさない	
24	0	0x003848	page	0000	0000		13	26	いつものシルバー・ムーンだ	
24	1	0x003864	page	0000	0000		9	18	みんなそろっている	
25	0	0x003882	page	0000	0000	2323	12	24	まじめに話を聞いたほうが	
25	1	0x00389C	page	0000	0000	2323	6	12	よさそうだな	
26	0	0x0038B4	page	0000	0000	2323	4	8	ハジメは	
26	1	0x0038BE	page	0000	0000	2323	6	12	帰ったようだ	
27	0	0x0038D6	page	0000	0000	2323	9	18	客は、俺たちだけだ	
28	0	0x0038F4	page	0000	0000	2323	12	24	マオと何か話しをしている	
29	0	0x003916	page	0000	0000	2323	10	20	最近は平和なもんだな	
29	1	0x00392C	page	0000	0000	2323	5	10	なんとなく	
29	2	0x003938	page	0000	0000	2323	11	22	体がなまりそうな気分だ	
30	0	0x003958	page	0300	0000	2424	10	20	わたしたちにとっては	
30	1	0x00396E	page	0300	0000	2424	8	16	あまり平和なのも	
30	2	0x003980	page	0300	0000	2424	7	14	考えものですね	
31	0	0x003998	page	0100	0000	2323	8	16	見かけは平和でも	
31	1	0x0039AA	page	0100	0000	2323	3	6	裏じゃ	
31	2	0x0039B2	page	0100	0000	2323	11	22	いろいろ動いてるもんさ	
32	0	0x0039CC	page			2424	10	20	いつお呼びがかかるか	
32	1	0x0039E2	page			2424	5	10	わからんぜ	
33	0	0x0039F6	page	0300	0000	2323	10	20	噂をすれば……ですね	
34	0	0x003A14	page	0100	0000	2323	7	14	……このところ	
34	1	0x003A24	page	0100	0000	2323	12	24	暇を持てあましてたからな	
34	2	0x003A3E	page	0100	0000	2323	12	24	肩ならしにはちょうどいい	
35	0	0x003A60	page	0000	0000	2424	5	10	高くつくぜ	
36	0	0x003A74	page	1100	0001	2424	6	12	承知してます	
36	1	0x003A82	page	1100	0001	2424	3	6	犯人を	
36	2	0x003A8A	page	1100	0001	2424	8	16	倒してもらえれば	
37	0	0x003A9E	page			2424	6	12	4000新円	
37	1	0x003AAC	page			2424	8	16	お支払いしますよ	
38	0	0x003AC6	page	0000	0000	2424	6	12	ひさしぶりの	
38	1	0x003AD4	page	0000	0000	2424	7	14	仕事ってわけだ	
39	0	0x003AEC	page	0000	0000	2323	9	18	詳しい話しを聞こう	
40	0	0x003B08	page	0300	0000	2323	10	20	犯人の正体が分かれば	
40	1	0x003B1E	page	0300	0000	2323	11	22	報復するつもりですかね	
41	0	0x003B3E	page	0200	0000	2424	3	6	あまり	
41	1	0x003B46	page	0200	0000	2424	10	20	いい気分じゃないわね	
42	0	0x003B64	page	0100	0000	2424	3	6	仕事に	
42	1	0x003B6C	page	0100	0000	2424	14	28	あまり私情を挟むもんじゃない	
43	0	0x003B8C	page			2424	4	8	俺たちは	
43	1	0x003B96	page			2424	9	18	依頼をこなすだけさ	
44	0	0x003BB2	page	0200	0000	2424	4	8	はいはい	
44	1	0x003BBC	page	0200	0000	2424	7	14	わかってるわよ	
45	0	0x003BCE	page			2424	4	8	紫雲って	
45	1	0x003BD8	page			2424	10	20	頭が固いんだから……	
46	0	0x003BF6	page	0000	0000	2323	2	4	さて	
46	1	0x003BFC	page	0000	0000	2323	7	14	どう始めるか？	
47	0	0x003C14	page	0100	0000	2424	9	18	目撃者を見つけるか	
47	1	0x003C28	page	0100	0000	2424	10	20	現場をあたってみるか	
47	2	0x003C3E	page	0100	0000	2424	7	14	そのあたりだな	
48	0	0x003C56	page	0000	0000	2323	10	20	さて、どう動くかな？	
49	0	0x003C74	page	0100	0000	2323	7	14	情報屋から何か	
49	1	0x003C84	page	0100	0000	2323	7	14	聞き出せないか	
50	0	0x003C9C	page	0000	0000	2424	9	18	そうだな、情報屋の	
50	1	0x003CB0	page	0000	0000	2424	11	22	ナットに連絡してみよう	
51	0	0x003CD0	page	0200	0000	2323	5	10	……じゃあ	
51	1	0x003CDC	page	0200	0000	2323	9	18	こういうのはどう？	
52	0	0x003CF2	page			2424	8	16	そこにあるけれど	
52	1	0x003D04	page			2424	10	20	触れることはできない	
52	2	0x003D1A	page			2424	12	24	でも、感じることはできる	
53	0	0x003D36	page			2424	9	18	さて、それはなに？	
54	0	0x003D52	page	0A00	0001	2424	7	14	そうですね……	
54	1	0x003D62	page	0A00	0001	2424	6	12	『愛情』って	
54	2	0x003D70	page	0A00	0001	2424	9	18	いうのはどうです？	
55	0	0x003D8C	page	0200	0000	2424	10	20	フフッ、素敵な答えね	
55	1	0x003DA2	page	0200	0000	2424	6	12	でも、はずれ	
55	2	0x003DB0	page	0200	0000	2424	8	16	答えは『精霊』よ	
56	0	0x003DCA	page	0A00	0001	2424	1	2	？	
57	0	0x003DD6	page	0200	0000	2424	11	22	どこにでもいるんだけど	
57	1	0x003DEE	page	0200	0000	2424	14	28	触れることはできないでしょ？	
58	0	0x003E14	page	0A00	0001	2424	9	18	わたしの近くにも？	
59	0	0x003E30	page	0200	0000	2424	2	4	ええ	
59	1	0x003E36	page	0200	0000	2424	5	10	この店には	
59	2	0x003E42	page	0200	0000	2424	10	20	働き者の精霊がいるわ	
60	0	0x003E60	page	1100	0001	2323	11	22	やっぱり、ここでしたか	
61	0	0x003E80	page	0200	0000	2424	2	4	誰？	
62	0	0x003E8E	page	0000	0000	2424	3	6	ハジメ	
62	1	0x003E96	page	0000	0000	2424	13	26	渋谷のストリート・ギャング	
62	2	0x003EB2	page	0000	0000	2424	15	30	メタル・ラビリンスのメンバーさ	
63	0	0x003EDA	page	1100	0001	2424	3	6	どうも	
63	1	0x003EE2	page	1100	0001	2424	11	22	よろしくお見知りおきを	
64	0	0x003F02	page	0200	0000	2424	11	22	で、そのギャングさんが	
64	1	0x003F1A	page	0200	0000	2424	4	8	何の用？	
65	0	0x003F2C	page	1100	0001	2424	3	6	いやあ	
65	1	0x003F34	page	1100	0001	2424	10	20	実は、困ってることが	
65	2	0x003F4A	page	1100	0001	2424	6	12	あるんですよ	
66	0	0x003F5A	page			2424	3	6	それで	
66	1	0x003F62	page			2424	9	18	力をお借りしたくて	
67	0	0x003F7E	page	0000	0000	2424	6	12	言っておくが	
67	1	0x003F8C	page	0000	0000	2424	5	10	用心棒なら	
67	2	0x003F98	page	0000	0000	2424	6	12	お断わりだぜ	
68	0	0x003FAE	page	0A00	0001	2323	2	4	……	
69	0	0x003FBC	page	0200	0000	2323	2	4	ねえ	
69	1	0x003FC2	page	0200	0000	2323	10	20	渋谷の辻斬り事件って	
69	2	0x003FD8	page	0200	0000	2323	8	16	聞いたことある？	
70	0	0x003FF2	page	0A00	0001	2424	2	4	ああ	
70	1	0x003FF8	page	0A00	0001	2424	12	24	ギャングのメンバーばかり	
70	2	0x004012	page	0A00	0001	2424	11	22	狙われたってやつですね	
71	0	0x004032	page	0A00	0001	2424	12	24	それがどうかしましたか？	
72	0	0x004054	page	0200	0000	2424	5	10	その事件で	
72	1	0x004060	page	0200	0000	2424	12	24	噂とか聞いたことはない？	
73	0	0x004082	page	0A00	0001	2424	3	6	みんな	
73	1	0x00408A	page	0A00	0001	2424	8	16	好き勝手なことを	
73	2	0x00409C	page	0A00	0001	2424	8	16	言ってますからね	
74	0	0x0040B0	page			2424	8	16	データネットでも	
74	1	0x0040C2	page			2424	12	24	当たってみたらどうです？	
75	0	0x0040E4	page	0A00	0001	2323	7	14	いかがですか？	
75	1	0x0040F4	page	0A00	0001	2323	7	14	仕事の調子は？	
76	0	0x00410C	page	0000	0000	2323	7	14	何があったんだ	
77	0	0x004124	page	1100	0001	2424	10	20	実は、ウチの縄張りで	
77	1	0x00413A	page	1100	0001	2424	5	10	立て続けに	
77	2	0x004146	page	1100	0001	2424	10	20	人が殺されてるんです	
78	0	0x004164	page	0200	0000	2424	8	16	いま噂になってる	
78	1	0x004176	page	0200	0000	2424	3	6	渋谷の	
78	2	0x00417E	page	0200	0000	2424	12	24	『辻斬り』事件ってやつ？	
79	0	0x0041A0	page	1100	0001	2424	8	16	そう、そいつです	
79	1	0x0041B2	page	1100	0001	2424	5	10	その犯人を	
79	2	0x0041BE	page	1100	0001	2424	11	22	倒してもらいたいんです	
80	0	0x0041DE	page	0000	0000	2323	5	10	頼む相手が	
80	1	0x0041EA	page	0000	0000	2323	8	16	違うんじゃないか	
81	0	0x004204	page	0100	0000	2424	4	8	確かにな	
81	1	0x00420E	page	0100	0000	2424	2	4	なぜ	
81	2	0x004214	page	0100	0000	2424	9	18	警察にまかせない？	
82	0	0x004230	page	0100	0000	2424	10	20	俺たちが動かなくても	
82	1	0x004246	page	0100	0000	2424	3	6	犯人を	
82	2	0x00424E	page	0100	0000	2424	11	22	見つけてくれるだろうさ	
83	0	0x00426E	page	1100	0001	2424	8	16	それはできません	
84	0	0x004282	page			2424	3	6	コトは	
84	1	0x00428A	page			2424	8	16	俺たちのメンツに	
84	2	0x00429C	page			2424	10	20	かかわってるんですよ	
85	0	0x0042B4	page			2424	12	24	警察の手を借りるようじゃ	
85	1	0x0042CE	page			2424	9	18	殺されたメンバーに	
85	2	0x0042E2	page			2424	9	18	しめしがつきません	
86	0	0x0042FE	page	0000	0000	2323	3	6	しかし	
86	1	0x004306	page	0000	0000	2323	11	22	かたきを討つためだけに	
86	2	0x00431E	page	0000	0000	2323	13	26	俺たちを雇うっていうのか？	
87	0	0x004342	page	1100	0001	2424	8	16	さすがは六堂さん	
87	1	0x004354	page	1100	0001	2424	5	10	鋭いですね	
88	0	0x004362	page			2424	7	14	ご存じのとおり	
88	1	0x004372	page			2424	9	18	俺たちには敵が多い	
89	0	0x004388	page			2424	3	6	犯人は	
89	1	0x004390	page			2424	12	24	俺たちに恨みがある奴だと	
89	2	0x0043AA	page			2424	8	16	踏んでるんですよ	
90	0	0x0043BE	page			2424	7	14	相手によっちゃ	
90	1	0x0043CE	page			2424	4	8	こちらも	
90	2	0x0043D8	page			2424	9	18	対応を考えなければ	
91	0	0x0043F4	page	1100	0001	2323	6	12	お願いします	
91	1	0x004402	page	1100	0001	2323	12	24	力を貸してもらえませんか	
92	0	0x004424	page	0000	0000	2424	5	10	渋谷最強の	
92	1	0x004430	page	0000	0000	2424	11	22	ストリート・ギャングも	
93	0	0x00444A	page			2424	10	20	正体不明の辻斬りには	
93	1	0x004460	page			2424	9	18	お手上げってわけか	
94	0	0x00447C	page	0000	0000	2323	5	10	いいだろう	
94	1	0x004488	page	0000	0000	2323	8	16	話を聞いてやろう	
95	0	0x0044A2	page	1100	0001	2424	4	8	はじめは	
95	1	0x0044AC	page	1100	0001	2424	11	22	ウチのメンバーばかりが	
95	2	0x0044C4	page	1100	0001	2424	11	22	狙われていたんですがね	
96	0	0x0044E4	page	1100	0001	2424	10	20	ここんとこ、だんだん	
96	1	0x0044FA	page	1100	0001	2424	11	22	見境いがなくなってきて	
97	0	0x004514	page			2424	8	16	メンバー以外まで	
97	1	0x004526	page			2424	6	12	『辻斬り』に	
97	2	0x004534	page			2424	8	16	やられてるんです	
98	0	0x00454E	page	1100	0001	2424	4	8	縄張りを	
98	1	0x004558	page	1100	0001	2424	9	18	荒らされたままじゃ	
98	2	0x00456C	page	1100	0001	2424	12	24	俺たちもメンツがたたない	
99	0	0x00458E	page	1100	0001	2323	4	8	俺たちも	
99	1	0x004598	page	1100	0001	2323	11	22	黙って手をこまねいてた	
99	2	0x0045B0	page	1100	0001	2323	10	20	わけじゃないんですよ	
100	0	0x0045CE	page	1100	0001	2424	6	12	現場の近くを	
100	1	0x0045DC	page	1100	0001	2424	5	10	メンバーに	
100	2	0x0045E8	page	1100	0001	2424	10	20	見張らせてたんですが	
101	0	0x004600	page			2424	3	6	犯人は	
101	1	0x004608	page			2424	11	22	こちらを出し抜いてくる	
102	0	0x004628	page	1100	0001	2424	6	12	それどころか	
102	1	0x004636	page	1100	0001	2424	10	20	見張りのメンバーまで	
102	2	0x00464C	page	1100	0001	2424	9	18	やられる始末で……	
103	0	0x004668	page	1100	0001	2323	6	12	犯人について	
103	1	0x004676	page	1100	0001	2323	8	16	わかっているのは	
104	0	0x00468A	page			2424	5	10	着流し姿の	
104	1	0x004696	page			2424	9	18	いかれた『侍』って	
104	2	0x0046AA	page			2424	9	18	ことだけなんですよ	
105	0	0x0046C6	page	1100	0001	2424	9	18	これを見てください	
106	0	0x0046E2	page	0200	0000	2323	9	18	たしかにユニークね	
107	0	0x0046FE	page	0200	0000	2424	2	4	でも	
107	1	0x004704	page	0200	0000	2424	12	24	これだけ目立つ格好なのに	
108	0	0x004720	page			2424	4	8	足取りが	
108	1	0x00472A	page			2424	11	22	わからないっていうのも	
108	2	0x004742	page			2424	7	14	おかしな話だわ	
109	0	0x00475A	page	1100	0001	2424	7	14	そうなんですよ	
110	0	0x004772	page	0000	0000	2323	8	16	犯人に心当りは？	
111	0	0x00478C	page	1100	0001	2424	4	8	俺たちは	
111	1	0x004796	page	1100	0001	2424	11	22	他のギャングをつぶして	
111	2	0x0047AE	page	1100	0001	2424	11	22	大きくなってきたんです	
112	0	0x0047C8	page			2424	8	16	そういう意味じゃ	
112	1	0x0047DA	page			2424	11	22	俺たちを始末したい奴は	
112	2	0x0047F2	page			2424	10	20	ごろごろしてるからな	
113	0	0x004810	page	0000	0000	2424	4	8	たとえば	
113	1	0x00481A	page	0000	0000	2424	8	16	最近戦った相手は	
113	2	0x00482C	page	0000	0000	2424	6	12	どうなんだ？	
114	0	0x004842	page	1100	0001	2424	6	12	最近ですか？	
115	0	0x004852	page			2424	3	6	横浜の	
115	1	0x00485A	page			2424	11	22	『ウイザーズ・エッジ』	
115	2	0x004872	page			2424	4	8	ですかね	
116	0	0x004884	page	0000	0000	2323	10	20	ウイザーズ・エッジ？	
117	0	0x0048A2	page	1100	0001	2424	3	6	魔法を	
117	1	0x0048AA	page	1100	0001	2424	11	22	オモチャにしてる連中が	
117	2	0x0048C2	page	1100	0001	2424	10	20	作ったギャングですよ	
118	0	0x0048DA	page			2424	11	22	横浜を縄張りにしてます	
119	0	0x0048FA	page	0200	0000	2424	3	6	魔法を	
119	1	0x004902	page	0200	0000	2424	9	18	オモチャにねえ……	
120	0	0x00491E	page	0100	0000	2424	10	20	そいつらがどうして？	
121	0	0x00493C	page	1100	0001	2424	7	14	ウチの縄張りに	
121	1	0x00494C	page	1100	0001	2424	11	22	手を出そうとしたもんで	
122	0	0x004966	page			2424	8	16	ついこないだまで	
122	1	0x004978	page			2424	12	24	ドンパチやってたんですよ	
123	0	0x00499A	page	1100	0001	2424	4	8	もっとも	
123	1	0x0049A4	page	1100	0001	2424	9	18	徹底的に叩いたんで	
124	0	0x0049BA	page			2424	7	14	いまの連中には	
124	1	0x0049CA	page			2424	4	8	俺たちに	
124	2	0x0049D4	page			2424	14	28	手をだす力はないと思いますよ	
125	0	0x0049FA	page	0000	0000	2424	5	10	なるほどな	
125	1	0x004A06	page	0000	0000	2424	10	20	大した自信じゃないか	
126	0	0x004A24	page	0000	0000	2323	4	8	他には？	
127	0	0x004A36	page	1100	0001	2424	8	16	そうですねえ……	
127	1	0x004A48	page	1100	0001	2424	10	20	あとは渋谷の『武空』	
128	0	0x004A66	page	1100	0001	2424	5	10	こいつらも	
128	1	0x004A72	page	1100	0001	2424	12	24	ストリートギャングですが	
129	0	0x004A8E	page			2424	11	22	俺たちの傘下に入らずに	
129	1	0x004AA6	page			2424	10	20	いまだに抵抗してます	
130	0	0x004AC4	page	0100	0000	2424	10	20	ガキのけんかにしては	
130	1	0x004ADA	page	0100	0000	2424	6	12	大層なことだ	
131	0	0x004AF0	page	1100	0001	2424	5	10	そのガキが	
131	1	0x004AFC	page	1100	0001	2424	4	8	渋谷じゃ	
131	2	0x004B06	page	1100	0001	2424	10	20	力を持ってるんですよ	
132	0	0x004B24	page	1100	0001	2323	4	8	とにかく	
132	1	0x004B2E	page	1100	0001	2323	9	18	犯人を見つけ出して	
132	2	0x004B42	page	1100	0001	2323	12	24	排除していただければ……	
133	0	0x004B64	page	1100	0001	2424	13	26	もし、事件に他のギャングが	
133	1	0x004B80	page	1100	0001	2424	10	20	関わっているようなら	
133	2	0x004B96	page	1100	0001	2424	7	14	教えてください	
134	0	0x004BAE	page	1100	0001	2424	5	10	そのときは	
134	1	0x004BBA	page	1100	0001	2424	4	8	俺たちも	
134	2	0x004BC4	page	1100	0001	2424	9	18	動かねばなりません	
135	0	0x004BE0	page	0000	0000	2424	9	18	報復ってわけかい？	
136	0	0x004BFC	page	1100	0001	2424	3	6	それは	
136	1	0x004C04	page	1100	0001	2424	12	24	ご想像におまかせしますよ	
137	0	0x004C26	page	1100	0001	2323	6	12	いまのところ	
137	1	0x004C34	page	1100	0001	2323	7	14	わかってるのは	
137	2	0x004C44	page	1100	0001	2323	7	14	そのくらいです	
138	0	0x004C5C	page	1100	0001	2424	6	12	何かあったら	
138	1	0x004C6A	page	1100	0001	2424	10	20	『オンフォール』って	
138	2	0x004C80	page	1100	0001	2424	11	22	ディスコに来てください	
139	0	0x004CA0	page	1100	0001	2424	4	8	それじゃ	
139	1	0x004CAA	page	1100	0001	2424	7	14	俺は失礼します	
139	2	0x004CBA	page	1100	0001	2424	6	12	頼みましたよ	
140	0	0x004CD0	page	0000	0000	2323	5	10	ナット……	
140	1	0x004CDC	page	0000	0000	2323	12	24	裏の世界に通じた情報屋だ	
141	0	0x004CF8	page			2424	13	26	普通では知ることのできない	
141	1	0x004D14	page			2424	9	18	裏情報をつかんでる	
142	0	0x004D2A	page			2424	7	14	電話してみよう	
142	1	0x004D3A	page			2424	5	10	あいつなら	
142	2	0x004D46	page			2424	13	26	何かつかんでるかもしれない	
143	0	0x004D64	page			2323	2	4	はい	
143	1	0x004D6A	page			2323	7	14	ああ、六堂さん	
143	2	0x004D7A	page			2323	8	16	なにか御用ですか	
144	0	0x004D94	page	0000	0000	2323	12	24	おまえに用があるといえば	
144	1	0x004DAE	page	0000	0000	2323	6	12	決まってるさ	
144	2	0x004DBC	page	0000	0000	2323	8	16	裏情報が知りたい	
145	0	0x004DD0	page			2424	13	26	渋谷の辻斬り事件についてだ	
146	0	0x004DF4	page	FF00	0001	2424	7	14	辻斬り事件……	
147	0	0x004E06	page			2424	3	6	さてね	
147	1	0x004E0E	page			2424	4	8	裏情報も	
147	2	0x004E18	page			2424	12	24	そんなに多くないんですが	
148	0	0x004E3A	page	0000	0000	2424	4	8	とにかく	
148	1	0x004E44	page	0000	0000	2424	10	20	わかってることでいい	
149	0	0x004E62	page	FF00	0001	2424	3	6	警察も	
149	1	0x004E6A	page	FF00	0001	2424	12	24	この事件には手を焼いてる	
149	2	0x004E84	page	FF00	0001	2424	5	10	ようですね	
150	0	0x004E92	page			2424	7	14	犯人は、まさに	
150	1	0x004EA2	page			2424	9	18	神出鬼没らしいです	
151	0	0x004EB8	page			2424	6	12	着流しなんて	
151	1	0x004EC6	page			2424	9	18	いまどき珍しいのに	
152	0	0x004EDC	page			2424	7	14	それで足取りを	
152	1	0x004EEC	page			2424	11	22	つかませないんですから	
153	0	0x004F06	page			2424	9	18	犯人は魔法の使い手	
153	1	0x004F1A	page			2424	7	14	じゃないかって	
153	2	0x004F2A	page			2424	6	12	話もあります	
154	0	0x004F40	page	0000	0000	2424	16	32	辻斬り事件に目撃者はいるんだろう	
155	0	0x004F6A	page	FF00	0001	2424	2	4	ええ	
156	0	0x004F72	page			2424	6	12	あの辻斬りは	
156	1	0x004F80	page			2424	6	12	狙った獲物は	
156	2	0x004F8E	page			2424	12	24	全部しとめてるんですがね	
157	0	0x004FAA	page			2424	6	12	幸運なことに	
157	1	0x004FB8	page			2424	11	22	生き残りがいたんですよ	
157	2	0x004FD0	page			2424	8	16	2人だけですがね	
158	0	0x004FE4	page			2424	11	22	1人は、六堂さんと同じ	
158	1	0x004FFC	page			2424	10	20	ストリート・サムライ	
158	2	0x005012	page			2424	9	18	『以蔵』って男です	
159	0	0x005028	page			2424	5	10	もう1人は	
159	1	0x005034	page			2424	12	24	僕もよく知らないんですが	
160	0	0x005050	page			2424	12	24	『チョロ』って呼ばれてる	
160	1	0x00506A	page			2424	8	16	子供らしいですね	
161	0	0x005084	page	0000	0000	2424	3	6	以蔵？	
162	0	0x005094	page	FF00	0001	2424	10	20	メタル・ラビリンスで	
162	1	0x0050AA	page	FF00	0001	2424	11	22	用心棒をやってた男です	
163	0	0x0050C4	page			2424	10	20	辻斬りにやられてから	
163	1	0x0050DA	page			2424	4	8	用心棒は	
163	2	0x0050E4	page			2424	11	22	やめちまったようですが	
164	0	0x005104	page	0000	0000	2424	8	16	いまどこにいるか	
164	1	0x005116	page	0000	0000	2424	5	10	わかるか？	
165	0	0x00512A	page	FF00	0001	2424	5	10	残念ながら	
165	1	0x005136	page	FF00	0001	2424	12	24	そこまではつかめてません	
166	0	0x005158	page	0000	0000	2424	4	8	わかった	
166	1	0x005162	page	0000	0000	2424	5	10	以蔵か……	
166	2	0x00516E	page	0000	0000	2424	16	32	ハジメに確かめてみる必要があるな	
167	0	0x005198	page	FF00	0001	2424	7	14	他にご用件は？	
168	0	0x0051B0	page	0000	0000	2424	6	12	そうだな……	
168	1	0x0051BE	page	0000	0000	2424	10	20	もうひとりの生き残り	
168	2	0x0051D4	page	0000	0000	2424	11	22	『チョロ』については？	
169	0	0x0051F4	page	FF00	0001	2424	5	10	現場近くの	
169	1	0x005200	page	FF00	0001	2424	11	22	裏路地を寝ぐらにしてる	
169	2	0x005218	page	FF00	0001	2424	11	22	ストリート・キッドです	
170	0	0x005232	page			2424	3	6	しかし	
170	1	0x00523A	page			2424	13	26	わかってるのはそのくらいで	
170	2	0x005256	page			2424	10	20	詳しいことまでは……	
171	0	0x005274	page	0000	0000	2424	2	4	後は	
171	1	0x00527A	page	0000	0000	2424	13	26	武空というギャングのことを	
171	2	0x005296	page	0000	0000	2424	5	10	教えてくれ	
172	0	0x0052AA	page	FF00	0001	2424	4	8	武空……	
172	1	0x0052B4	page	FF00	0001	2424	6	12	メタルと同じ	
172	2	0x0052C2	page	FF00	0001	2424	10	20	渋谷のギャングですよ	
173	0	0x0052DA	page			2424	8	16	渋谷のギャングは	
173	1	0x0052EC	page			2424	5	10	ほとんどが	
173	2	0x0052F8	page			2424	12	24	メタルに吸収されましたが	
174	0	0x005314	page			2424	3	6	武空は	
174	1	0x00531C	page			2424	12	24	まだメタルに抵抗してます	
175	0	0x00533E	page	0000	0000	2424	7	14	武空に会うには	
175	1	0x00534E	page	0000	0000	2424	8	16	どうすればいい？	
176	0	0x005368	page	FF00	0001	2424	3	6	渋谷に	
176	1	0x005370	page	FF00	0001	2424	7	14	『逆島屋』って	
176	2	0x005380	page	FF00	0001	2424	10	20	古い飲み屋があります	
177	0	0x005398	page			2424	2	4	確か	
177	1	0x00539E	page			2424	14	28	そこが連中のたまり場でしたよ	
178	0	0x0053C4	page	0000	0000	2424	4	8	わかった	
178	1	0x0053CE	page	0000	0000	2424	9	18	また、何かあったら	
178	2	0x0053E2	page	0000	0000	2424	5	10	教えてくれ	
179	0	0x0053F0	page			2323	2	4	はい	
179	1	0x0053F6	page			2323	7	14	ああ、六堂さん	
179	2	0x005406	page			2323	8	16	なにか御用ですか	
180	0	0x005420	page	0000	0000	2424	9	18	辻斬り事件について	
180	1	0x005434	page	0000	0000	2424	8	16	何か新しい情報は	
180	2	0x005446	page	0000	0000	2424	7	14	入ってないか？	
181	0	0x00545E	page	FF00	0001	2424	5	10	今のところ	
181	1	0x00546A	page	FF00	0001	2424	6	12	ありませんね	
182	0	0x005480	page	0000	0000	2424	4	8	わかった	
182	1	0x00548A	page	0000	0000	2424	9	18	また、何かあったら	
182	2	0x00549E	page	0000	0000	2424	5	10	教えてくれ	
183	0	0x0054B2	page	0300	0000	2323	6	12	最近の事件や	
183	1	0x0054C0	page	0300	0000	2323	9	18	ニュースの情報なら	
184	0	0x0054D6	page			2424	7	14	データネットに	
184	1	0x0054E6	page			2424	9	18	流れているはずです	
185	0	0x0054FC	page			2424	9	18	検索してみましょう	
186	0	0x005512	page			2323	9	18	ここ1ヵ月のあいだ	
186	1	0x005526	page			2323	6	12	渋谷を中心に	
186	2	0x005534	page			2323	13	26	連続殺人事件が発生している	
187	0	0x005552	page			2323	5	10	犠牲者には	
187	1	0x00555E	page			2323	12	24	渋谷を本拠にするギャング	
188	0	0x00557A	page			2424	12	24	『メタル・ラビリンス』の	
188	1	0x005594	page			2424	7	14	メンバーが多く	
189	0	0x0055A6	page			2424	10	20	ギャング同士の抗争に	
189	1	0x0055BC	page			2424	11	22	まつわると見られている	
190	0	0x0055D6	page			2323	2	4	現在	
190	1	0x0055DC	page			2323	12	24	目撃者の証言をもとにした	
190	2	0x0055F6	page			2323	12	24	犯人の姿が公開されている	
191	0	0x005612	page			2424	8	16	犯人は神出鬼没で	
191	1	0x005624	page			2424	4	8	犠牲者を	
191	2	0x00562E	page			2424	9	18	一刀両断にしている	
192	0	0x005644	page			2323	9	18	凶器は鋭利な刃物と	
192	1	0x005658	page			2323	8	16	推定されているが	
192	2	0x00566A	page			2323	8	16	詳細は不明である	
193	0	0x00567E	page			2424	3	6	犯人の	
193	1	0x005686	page			2424	12	24	あまりの神出鬼没ぶりから	
194	0	0x0056A2	page			2424	4	8	事件には	
194	1	0x0056AC	page			2424	12	24	魔法が関わっているのでは	
194	2	0x0056C6	page			2424	8	16	という見解もある	
195	0	0x0056DA	page			2323	4	8	渋谷では	
195	1	0x0056E4	page			2323	11	22	ストリート・ギャングの	
195	2	0x0056FC	page			2323	7	14	抗争事件が激化	
196	0	0x00570E	page			2424	11	22	重大な問題になっている	
197	0	0x005728	page			2424	6	12	抗争の主役は	
197	1	0x005736	page			2424	8	16	渋谷を本拠にする	
197	2	0x005748	page			2424	11	22	『メタル・ラビリンス』	
198	0	0x005762	page			2424	8	16	もう一方の主役が	
198	1	0x005774	page			2424	7	14	横浜のギャング	
198	2	0x005784	page			2424	11	22	『ウイザーズ・エッジ』	
199	0	0x00579E	page			2424	9	18	この日の銃撃戦では	
199	1	0x0057B2	page			2424	3	6	双方に	
199	2	0x0057BA	page			2424	11	22	多数の犠牲者が出ている	
200	0	0x0057D4	page			2424	2	4	特に	
200	1	0x0057DA	page			2424	11	22	ウイザーズ側の死傷者は	
200	2	0x0057F2	page			2424	7	14	十数名にのぼり	
201	0	0x005804	page			2424	5	10	報復による	
201	1	0x005810	page			2424	11	22	戦いの激化が心配される	
202	0	0x00582C	count			2323	2	4	周囲	
202	1	0x005832	count			2323	2	4	住人	
202	2	0x005838	count			2323	2	4	地面	
203	0	0x005840	count				2	4	仲間	
203	1	0x005846	count				2	4	住人	
204	0	0x00584E	count				8	16	打ち解けるように	
204	1	0x005860	count				8	16	取り引する	
204	2	0x005872	count				8	16	ごく普通に	
204	3	0x005884	count				8	16	関わりにならない	
205	0	0x005898	count				12	24	所持金　　　　　　　新円	
205	1	0x0058B2	count				12	24	情報料　　　　　　0新円	
206	0	0x0058CE	count				11	22	0123456789	
207	0	0x0058EC	page	0200	0000		5	10	最初のころ	
207	1	0x0058F8	page	0200	0000		6	12	事件はここで	
207	2	0x005906	page	0200	0000		7	14	起こってたのね	
208	0	0x00591E	page	0200	0000	2323	5	10	裏路地かぁ	
208	1	0x00592A	page	0200	0000	2323	5	10	表通りとは	
208	2	0x005936	page	0200	0000	2323	10	20	ずいぶん違う感じだわ	
209	0	0x005954	page	0200	0000	2323	12	24	あちこち汚れてて嫌な感じ	
209	1	0x00596E	page	0200	0000	2323	10	20	1人で来るところじゃ	
209	2	0x005984	page	0200	0000	2323	4	8	ないわね	
210	0	0x005996	page	0200	0000	2323	5	10	あたり一面	
210	1	0x0059A2	page	0200	0000	2323	8	16	落書きだらけ……	
211	0	0x0059B6	page			2424	10	20	ギャングたちが残した	
211	1	0x0059CC	page			2424	4	8	落書きね	
212	0	0x0059DE	page	0200	0000	2424	2	4	……	
212	1	0x0059E4	page	0200	0000	2424	5	10	お世辞にも	
212	2	0x0059F0	page	0200	0000	2424	9	18	上品とは言えないわ	
213	0	0x005A0C	page	1C00	0001	2323	2	4	へっ	
213	1	0x005A12	page	1C00	0001	2323	11	22	じろじろ見るんじゃねえ	
214	0	0x005A32	page	0200	0000	2323	11	22	ストリートの住人たちね	
214	1	0x005A4A	page	0200	0000	2323	4	8	ちょっと	
214	2	0x005A54	page	0200	0000	2323	11	22	近よりにくい雰囲気だわ	
215	0	0x005A74	page	0000	0000	2323	13	26	ストリートの連中は苦手か？	
216	0	0x005A98	page	0200	0000	2424	12	24	そういうわけじゃないけど	
216	1	0x005AB2	page	0200	0000	2424	5	10	もうすこし	
216	2	0x005ABE	page	0200	0000	2424	11	22	きれいにしてくれればね	
217	0	0x005ADE	page	0200	0000	2323	5	10	もともとは	
217	1	0x005AEA	page	0200	0000	2323	3	6	地面が	
217	2	0x005AF2	page	0200	0000	2323	12	24	むき出しだったそうだけど	
218	0	0x005B0E	page			2424	8	16	舗装されてからは	
218	1	0x005B20	page			2424	12	24	事件は起きてないって話ね	
219	0	0x005B42	page	0300	0000	2323	7	14	このあたりには	
219	1	0x005B52	page	0300	0000	2323	3	6	新しく	
219	2	0x005B5A	page	0300	0000	2323	9	18	ビルが建つようです	
220	0	0x005B76	page	0000	0000	2323	10	20	ビルが建ってしまうと	
220	1	0x005B8C	page	0000	0000	2323	6	12	ストリートも	
220	2	0x005B9A	page	0000	0000	2323	8	16	住みにくくなるな	
221	0	0x005BB4	page	0200	0000	2323	6	12	ひょっとして	
221	1	0x005BC2	page	0200	0000	2323	12	24	事件が起きなくなったのは	
221	2	0x005BDC	page	0200	0000	2323	8	16	舗装されたから？	
222	0	0x005BF6	page	0100	0000	2424	3	6	まさか	
222	1	0x005BFE	page	0100	0000	2424	11	22	たんなる偶然だろう……	
223	0	0x005C1E	page	0200	0000	2424	2	4	うん	
224	0	0x005C26	page			2424	3	6	でもさ	
224	1	0x005C2E	page			2424	15	30	なんとなく引っかかるのよね……	
225	0	0x005C56	page	0000	0000	2424	3	6	でたな	
225	1	0x005C5E	page	0000	0000	2424	12	24	シャーマンの勘ってやつか	
226	0	0x005C80	page	0200	0000	2424	12	24	そういうわけじゃないけど	
226	1	0x005C9A	page	0200	0000	2424	12	24	ちょっと気になっただけよ	
227	0	0x005CBC	page	0200	0000	2323	3	6	彼らに	
227	1	0x005CC4	page	0200	0000	2323	8	16	話を聞かなくちゃ	
228	0	0x005CDE	page	0000	0000	2323	4	8	辻斬りが	
228	1	0x005CE8	page	0000	0000	2323	9	18	なりをひそめてる？	
228	2	0x005CFC	page	0000	0000	2323	9	18	どういうことだい？	
229	0	0x005D18	page	1C00	0001	2424	5	10	知らねえよ	
229	1	0x005D24	page	1C00	0001	2424	9	18	あいつもいっときは	
229	2	0x005D38	page	1C00	0001	2424	11	22	派手に暴れてやがったが	
230	0	0x005D52	page			2424	5	10	ここんとこ	
230	1	0x005D5E	page			2424	6	12	このへんじゃ	
230	2	0x005D6C	page			2424	10	20	噂も聞かなくなったぜ	
231	0	0x005D8A	page	0000	0000	2424	9	18	なりをひそめたのは	
231	1	0x005D9E	page	0000	0000	2424	11	22	いつごろかわかるかい？	
232	0	0x005DBE	page	1C00	0001	2424	10	20	ちゃんとした時期まで	
232	1	0x005DD4	page	1C00	0001	2424	11	22	覚えてるわけじゃねえが	
233	0	0x005DEE	page			2424	4	8	そうだな	
233	1	0x005DF8	page			2424	4	8	ちょうど	
233	2	0x005E02	page			2424	10	20	ビルを建てるってんで	
234	0	0x005E1A	page			2424	5	10	このへんを	
234	1	0x005E26	page			2424	12	24	舗装しちまった頃からだな	
235	0	0x005E48	page	1C00	0001	2323	7	14	いまとなっちゃ	
235	1	0x005E58	page	1C00	0001	2323	10	20	ギャングどものほうが	
235	2	0x005E6E	page	1C00	0001	2323	5	10	恐ろしいね	
236	0	0x005E7C	page			2424	8	16	また我がもの顔で	
236	1	0x005E8E	page			2424	5	10	このへんを	
236	2	0x005E9A	page			2424	12	24	荒らすんじゃねえかってね	
237	0	0x005EB6	page			2424	10	20	辻斬りが出てたころは	
237	1	0x005ECC	page			2424	4	8	さすがに	
237	2	0x005ED6	page			2424	10	20	連中もおとなしかった	
238	0	0x005EF4	page	0000	0000	2323	6	12	ありがとうよ	
238	1	0x005F02	page	0000	0000	2323	10	20	いろいろ参考になった	
239	0	0x005F20	page	1C00	0001	2424	5	10	おまえさん	
239	1	0x005F2C	page	1C00	0001	2424	12	24	辻斬りを追ってるのかい？	
240	0	0x005F4E	page	0000	0000	2424	3	6	まあね	
240	1	0x005F56	page	0000	0000	2424	7	14	そんなところさ	
241	0	0x005F6E	page	1C00	0001	2424	2	4	なら	
241	1	0x005F74	page	1C00	0001	2424	8	16	チョロってガキを	
241	2	0x005F86	page	1C00	0001	2424	5	10	捜してみな	
242	0	0x005F94	page			2424	8	16	辻斬りに襲われて	
242	1	0x005FA6	page			2424	10	20	生き延びたって噂だぜ	
243	0	0x005FC4	page	1C00	0001	2323	12	24	まあ、せいぜい気をつけな	
244	0	0x005FE6	page	1C00	0001	2323	2	4	ああ	
244	1	0x005FEC	page	1C00	0001	2323	5	10	いっときは	
244	2	0x005FF8	page	1C00	0001	2323	10	20	結構な騒ぎになったが	
245	0	0x006010	page			2424	7	14	どういうわけか	
245	1	0x006020	page			2424	6	12	このへんじゃ	
245	2	0x00602E	page			2424	9	18	出なくなっちまった	
246	0	0x00604A	page	0100	0000	2424	13	26	このあたりに出なくなった？	
246	1	0x006066	page	0100	0000	2424	10	20	それはいつ頃からだ？	
247	0	0x006084	page	1C00	0001	2424	9	18	はっきりしたことは	
247	1	0x006098	page	1C00	0001	2424	6	12	覚えてねえよ	
248	0	0x0060A8	page			2424	4	8	……でも	
248	1	0x0060B2	page			2424	11	22	噂を聞かなくなったのは	
249	0	0x0060CC	page			2424	5	10	このへんが	
249	1	0x0060D8	page			2424	10	20	舗装された頃からだな	
250	0	0x0060F0	page			2424	12	24	辻斬り騒ぎがあったころは	
250	1	0x00610A	page			2424	7	14	このへんの土が	
250	2	0x00611A	page			2424	9	18	むき出しになってた	
251	0	0x006136	page	0100	0000	2424	3	6	……？	
252	0	0x006146	page	1C00	0001	2323	2	4	まあ	
252	1	0x00614C	page	1C00	0001	2323	7	14	ギャングばかり	
252	2	0x00615C	page	1C00	0001	2323	8	16	襲われてたからな	
253	0	0x006170	page			2424	4	8	辻斬りも	
253	1	0x00617A	page			2424	7	14	ギャングどもの	
253	2	0x00618A	page			2424	9	18	抗争がらみだろうさ	
254	0	0x0061A0	page			2424	11	22	メタルの連中が戦ってた	
254	1	0x0061B8	page			2424	10	20	ウイザーズって連中が	
254	2	0x0061CE	page			2424	9	18	怪しいんじゃねえの	
255	0	0x0061E4	page			2424	11	22	連中は魔法を使うからな	
255	1	0x0061FC	page			2424	7	14	そういう奴らは	
255	2	0x00620C	page			2424	12	24	何をやってもおかしくねえ	
256	0	0x00622E	page	0200	0000	2424	5	10	ちょっと！	
256	1	0x00623A	page	0200	0000	2424	8	16	どういう意味よ！	
257	0	0x006254	page	0000	0000	2424	4	8	まあまあ	
257	1	0x00625E	page	0000	0000	2424	5	10	落ちつけよ	
258	0	0x00626C	page			2424	5	10	こいつらも	
258	1	0x006278	page			2424	8	16	別にマオのことを	
258	2	0x00628A	page			2424	10	20	言ったわけじゃないさ	
259	0	0x0062A8	page	0100	0000	2323	8	16	魔法っていったが	
259	1	0x0062BA	page	0100	0000	2323	12	24	心当たりでもあるのかい？	
260	0	0x0062DC	page	1C00	0001	2424	3	6	犯人は	
260	1	0x0062E4	page	1C00	0001	2424	14	28	人間じゃないって噂があるんだ	
261	0	0x006304	page			2424	4	8	もっとも	
262	0	0x006310	page			2424	8	16	辻斬りに襲われた	
262	1	0x006322	page			2424	7	14	どこかのガキが	
262	2	0x006332	page			2424	9	18	言ってたことらしい	
263	0	0x006348	page			2424	4	8	あんまり	
263	1	0x006352	page			2424	10	20	アテにはなんねえがね	
264	0	0x006370	page	0100	0000	2323	6	12	どこに行けば	
264	1	0x00637E	page	0100	0000	2323	9	18	その子供に会える？	
265	0	0x00639A	page	1C00	0001	2424	5	10	知らねえよ	
265	1	0x0063A6	page	1C00	0001	2424	2	4	だが	
265	2	0x0063AC	page	1C00	0001	2424	10	20	このへんじゃ無理だね	
266	0	0x0063C4	page			2424	5	10	名前は……	
266	1	0x0063D0	page			2424	4	8	確か……	
266	2	0x0063DA	page			2424	11	22	チョロっていったか……	
267	0	0x0063FA	page	1C00	0001	2323	8	16	教えてやれるのは	
267	1	0x00640C	page	1C00	0001	2323	7	14	そのくらいだな	
268	0	0x006424	page	0200	0000	2323	9	18	辻斬り事件のことで	
268	1	0x006438	page	0200	0000	2323	8	16	なにか知らない？	
269	0	0x006452	page	1C00	0001	2424	9	18	ああ、そのことかい	
269	1	0x006466	page	1C00	0001	2424	11	22	まったく、このあたりも	
269	2	0x00647E	page	1C00	0001	2424	11	22	ぶっそうになったもんさ	
270	0	0x006498	page			2424	7	14	ギャングどもが	
270	1	0x0064A8	page			2424	9	18	ドンパチやるうえに	
270	2	0x0064BC	page			2424	10	20	辻斬り騒ぎだからねえ	
271	0	0x0064D4	page			2424	9	18	ところが、辻斬りも	
271	1	0x0064E8	page			2424	7	14	このあたりじゃ	
271	2	0x0064F8	page			2424	9	18	なりをひそめてんだ	
272	0	0x006514	page	0200	0000	2424	7	14	どういうこと？	
273	0	0x00652C	page	1C00	0001	2424	7	14	俺ゃしらねえよ	
273	1	0x00653C	page	1C00	0001	2424	9	18	でも、このあたりが	
273	2	0x006550	page	1C00	0001	2424	12	24	舗装されてからのことだな	
274	0	0x00656C	page			2424	10	20	このへんは、もともと	
274	1	0x006582	page			2424	11	22	土がむき出しだったんだ	
275	0	0x00659C	page			2424	2	4	だが	
275	1	0x0065A2	page			2424	12	24	新しいビルを建てるとかで	
276	0	0x0065BE	page			2424	4	8	いまじゃ	
276	1	0x0065C8	page			2424	12	24	すっかり舗装されてるのさ	
277	0	0x0065E4	page			2424	4	8	そのうち	
277	1	0x0065EE	page			2424	6	12	このへんにゃ	
277	2	0x0065FC	page			2424	12	24	住めなくなっちまうのかね	
278	0	0x00661E	page	1C00	0001	2323	8	16	俺が知ってるのは	
278	1	0x006630	page	1C00	0001	2323	7	14	これで全部だぜ	
279	0	0x006648	page	1C00	0001	2323	11	22	まだ何か用があるのかい	
280	0	0x006668	page	FF00	0000	2323	13	26	どのように話しかけますか？	
281	0	0x00668C	page	0000	0000	2323	6	12	ここらへんも	
281	1	0x00669A	page	0000	0000	2323	10	20	ビルが建つみたいだな	
282	0	0x0066B2	page			2424	6	12	住むところが	
282	1	0x0066C0	page			2424	11	22	どんどんなくなっちまう	
283	0	0x0066E0	page	1C00	0001	2424	2	4	ふん	
283	1	0x0066E6	page	1C00	0001	2424	5	10	よそもんが	
283	2	0x0066F2	page	1C00	0001	2424	11	22	心配するこっちゃねえさ	
284	0	0x006712	page	0000	0000	2424	7	14	別にきまぐれで	
284	1	0x006722	page	0000	0000	2424	11	22	心配してるわけじゃない	
285	0	0x00673C	page			2424	4	8	俺だって	
285	1	0x006746	page			2424	9	18	ストリート育ちだぜ	
286	0	0x006762	page	1C00	0001	2424	2	4	ふん	
286	1	0x006768	page	1C00	0001	2424	10	20	ならわかってんだろ？	
287	0	0x006780	page			2424	11	22	このへんがダメになりゃ	
287	1	0x006798	page			2424	9	18	また新しい寝ぐらを	
287	2	0x0067AC	page			2424	6	12	さがすだけさ	
288	0	0x0067BC	page			2424	12	24	俺たちが気にかけてんのは	
288	1	0x0067D6	page			2424	8	16	もっと別のことさ	
289	0	0x0067F0	page	0000	0000	2424	6	12	辻斬りかい？	
290	0	0x006806	page	1C00	0001	2424	12	24	ありゃ確かに物騒だったが	
290	1	0x006820	page	1C00	0001	2424	4	8	いまじゃ	
290	2	0x00682A	page	1C00	0001	2424	11	22	なりをひそめてやがるぜ	
291	0	0x00684A	page	0100	0000	2323	12	24	聞きたいことがあるんだが	
291	1	0x006864	page	0100	0000	2323	5	10	いいかい？	
292	0	0x006878	page	1C00	0001	2424	9	18	なんだ、あんたは？	
293	0	0x006894	page	0100	0000	2424	10	20	別に怪しい者じゃない	
294	0	0x0068AC	page			2424	3	6	それに	
294	1	0x0068B4	page			2424	10	20	タダで教えてくれとも	
294	2	0x0068CA	page			2424	5	10	言わないさ	
295	0	0x0068DE	page	FF00	0000	2323	9	18	いくら渡しますか？	
296	0	0x0068FA	page	0200	0000	2323	9	18	お金が足りないわよ	
297	0	0x006916	page	0200	0000	2323	9	18	ケチケチしないでよ	
298	0	0x006932	page	0200	0000	2323	8	16	そんなに渡すの？	
299	0	0x00694C	page	1C00	0001	2323	2	4	へっ	
299	1	0x006952	page	1C00	0001	2323	4	8	なんだい	
299	2	0x00695C	page	1C00	0001	2323	11	22	聞きたいことってのは？	
300	0	0x00697C	page	0100	0000	2424	12	24	このあたりに出るっていう	
300	1	0x006996	page	0100	0000	2424	7	14	辻斬りのことさ	
301	0	0x0069A8	page			2424	6	12	なんでもいい	
301	1	0x0069B6	page			2424	11	22	知ってることがあったら	
301	2	0x0069CE	page			2424	5	10	教えてくれ	
302	0	0x0069E2	page	0200	0000	2323	2	4	ねえ	
302	1	0x0069E8	page	0200	0000	2323	12	24	少し話を聞きたいんだけど	
303	0	0x006A0A	page	1C00	0001	2424	8	16	あっ、なんだい？	
304	0	0x006A24	page	0300	0000	2323	11	22	どうも、こういう場所は	
304	1	0x006A3C	page	0300	0000	2323	9	18	苦手なんですが……	
305	0	0x006A58	page	0300	0000	2424	5	10	あなたがた	
305	1	0x006A64	page	0300	0000	2424	7	14	辻斬りのことで	
305	2	0x006A74	page	0300	0000	2424	9	18	何か知りませんか？	
306	0	0x006A90	page	1C00	0001	2424	6	12	辻斬りだあ？	
306	1	0x006A9E	page	1C00	0001	2424	2	4	もう	
306	2	0x006AA4	page	1C00	0001	2424	12	24	このへんじゃ出てねえよ！	
307	0	0x006AC6	page	0300	0000	2424	11	22	それはいつ頃からです？	
308	0	0x006AE6	page	1C00	0001	2424	6	12	うるせえな！	
308	1	0x006AF4	page	1C00	0001	2424	3	6	ここが	
308	2	0x006AFC	page	1C00	0001	2424	10	20	舗装されてからだよ！	
309	0	0x006B14	page			2424	5	10	わかったら	
309	1	0x006B20	page			2424	8	16	あっちへいきな！	
310	0	0x006B3A	page	0300	0000	2424	4	8	やれやれ	
310	1	0x006B44	page	0300	0000	2424	7	14	とりつくしまも	
310	2	0x006B54	page	0300	0000	2424	6	12	ありませんね	
311	0	0x006B6A	page	0200	0000	2424	5	10	あんたねえ	
311	1	0x006B76	page	0200	0000	2424	7	14	相手を怒らせて	
311	2	0x006B86	page	0200	0000	2424	7	14	どうするのよ！	
312	0	0x006B98	page			2424	11	22	話なんかしたくないって	
312	1	0x006BB0	page			2424	10	20	顔に書いてあったわよ	
313	0	0x006BCE	page	0300	0000	2424	9	18	え？　そうですか？	
313	1	0x006BE2	page	0300	0000	2424	7	14	そんなつもりは	
313	2	0x006BF2	page	0300	0000	2424	10	20	なかったんですが……	
314	0	0x006C0C	count			2323	4	8	周囲	
314	1	0x006C16	count			2323	4	8	地面	
314	2	0x006C20	count			2323	4	8	ギャング	
314	3	0x006C2A	count			2323	4	8	チョロ	
315	0	0x006C36	count				5	10	仲間	
315	1	0x006C42	count				5	10	ギャング1	
315	2	0x006C4E	count				5	10	ギャング2	
315	3	0x006C5A	count				5	10	チョロ	
316	0	0x006C68	count				4	8	助ける	
316	1	0x006C72	count				4	8	助けない	
317	0	0x006C82	page	0200	0000		10	20	最近は、このあたりで	
317	1	0x006C98	page	0200	0000		9	18	事件が起こっている	
318	0	0x006CB4	page	0200	0000	2424	6	12	襲われた者は	
318	1	0x006CC2	page	0200	0000	2424	12	24	ここに追い込まれるという	
319	0	0x006CE4	page	0200	0000	2323	3	6	建物が	
319	1	0x006CEC	page	0200	0000	2323	11	22	取り壊された跡みたいね	
320	0	0x006D0C	page	0200	0000	2424	7	14	新しいビルでも	
320	1	0x006D1C	page	0200	0000	2424	8	16	建てるのかしら？	
321	0	0x006D36	page	0200	0000	2323	9	18	いまどき珍しいわね	
321	1	0x006D4A	page	0200	0000	2323	9	18	土がむき出しなんて	
322	0	0x006D66	page	0200	0000	2323	10	20	メタル・ラビリンスの	
322	1	0x006D7C	page	0200	0000	2323	5	10	メンバーよ	
323	0	0x006D90	page	0200	0000	2424	8	16	辻斬りを警戒して	
323	1	0x006DA2	page	0200	0000	2424	10	20	張りこんでるみたいね	
324	0	0x006DC0	page	0200	0000	2323	8	16	張りこみにしては	
324	1	0x006DD2	page	0200	0000	2323	11	22	緊張感が足りないみたい	
325	0	0x006DF2	page	0000	0000	2323	9	18	辻斬りの張りこみか	
325	1	0x006E06	page	0000	0000	2323	8	16	ごくろうなことだ	
326	0	0x006E20	page	0000	0000	2323	3	6	連中も	
326	1	0x006E28	page	0000	0000	2323	11	22	殺られなきゃいいが……	
327	0	0x006E48	page	0000	0000	2323	8	16	辻斬りに襲われて	
327	1	0x006E5A	page	0000	0000	2323	10	20	生き延びた子供か……	
328	0	0x006E78	page	0000	0000	2424	6	12	なんとかして	
328	1	0x006E86	page	0000	0000	2424	7	14	見つけないとな	
329	0	0x006E9E	page	0100	0000	2323	4	8	とにかく	
329	1	0x006EA8	page	0100	0000	2323	4	8	あちこち	
329	2	0x006EB2	page	0100	0000	2323	10	20	あたってみるしかない	
330	0	0x006ED0	page	1E00	0001	2323	6	12	あ〜まったく	
331	0	0x006EE0	page			2424	10	20	いつ出るかわかんねえ	
331	1	0x006EF6	page			2424	11	22	辻斬りを張り込むなんて	
331	2	0x006F0E	page			2424	7	14	退屈なもんだぜ	
332	0	0x006F26	page	0200	0000	2323	2	4	ねえ	
332	1	0x006F2C	page	0200	0000	2323	7	14	チョロっていう	
332	2	0x006F3C	page	0200	0000	2323	8	16	子供を知らない？	
333	0	0x006F56	page	1E00	0001	2424	2	4	あ？	
334	0	0x006F5E	page			2424	8	16	ああ、知ってるぜ	
334	1	0x006F70	page			2424	8	16	辻斬りに襲われて	
334	2	0x006F82	page			2424	12	24	生き延びたってガキだろ？	
335	0	0x006FA4	page	0200	0000	2424	7	14	知ってるのね！	
335	1	0x006FB4	page	0200	0000	2424	9	18	このあたりを捜せば	
335	2	0x006FC8	page	0200	0000	2424	4	8	会える？	
336	0	0x006FDA	page	1E00	0001	2424	8	16	そいつはどうかな	
336	1	0x006FEC	page	1E00	0001	2424	8	16	やたら用心深くて	
336	2	0x006FFE	page	1E00	0001	2424	10	20	めったに姿を見せない	
337	0	0x007016	page			2424	4	8	俺だって	
337	1	0x007020	page			2424	4	8	あんまり	
337	2	0x00702A	page			2424	9	18	見たことねえからな	
338	0	0x007046	page	1F00	0001	2424	9	18	俺は見たことあるぜ	
338	1	0x00705A	page	1F00	0001	2424	4	8	あのガキ	
338	2	0x007064	page	1F00	0001	2424	10	20	妙な魔法を使いやがる	
339	0	0x007082	page	0200	0000	2424	3	6	魔法？	
340	0	0x007092	page	1F00	0001	2424	2	4	ああ	
341	0	0x00709A	page			2424	9	18	からかおうとしたら	
341	1	0x0070AE	page			2424	4	8	すうっと	
341	2	0x0070B8	page			2424	10	20	姿を消しちまったのさ	
342	0	0x0070D6	page	0200	0000	2424	1	2	？	
343	0	0x0070E2	page	0200	0000	2323	4	8	あなたは	
343	1	0x0070EC	page	0200	0000	2323	7	14	何か知らない？	
344	0	0x007104	page	1F00	0001	2424	2	4	いや	
345	0	0x00710C	page			2424	3	6	最近は	
345	1	0x007114	page			2424	9	18	特に変わったことも	
345	2	0x007128	page			2424	5	10	ねえからな	
346	0	0x00713C	page	0200	0000	2323	10	20	人の気配がないわ……	
347	0	0x00715A	page	0200	0000	2323	11	22	……なにか聞こえない？	
348	0	0x00717A	page	0200	0000	2323	6	12	悲鳴みたい！	
348	1	0x007188	page	0200	0000	2323	5	10	あっちよ！	
349	0	0x00719C	page	0100	0000	2323	9	18	雰囲気が妙だな……	
350	0	0x0071B8	page	0000	0000	2323	7	14	行ってみよう！	
351	0	0x0071CA	page			2323	6	12	この野郎っ！	
351	1	0x0071D8	page			2323	10	20	くたばりやがれっ！！	
352	0	0x0071F6	page	0000	0000	2323	9	18	こいつが辻斬りっ！	
353	0	0x007212	page	0000	0000	2323	3	6	う……	
353	1	0x00721A	page	0000	0000	2323	5	10	消えた……	
353	2	0x007226	page	0000	0000	2323	7	14	魔法を使った？	
354	0	0x00723A	page			2323	6	12	……うう……	
355	0	0x007250	page	0000	0000	2323	7	14	しっかりしろ！	
356	0	0x00726A	page	FF00	0001	2424	7	14	……くそう……	
356	1	0x00727A	page	FF00	0001	2424	7	14	思い出した……	
357	0	0x00728C	page			2424	7	14	……あいつ……	
357	1	0x00729C	page			2424	8	16	……影使いの……	
358	0	0x0072B8	page	0000	0000	2424	8	16	……『影使い』！	
358	1	0x0072CA	page	0000	0000	2424	10	20	ウイザーズ・エッジの	
358	2	0x0072E0	page	0000	0000	2424	8	16	魔法使いの名だ！	
359	0	0x0072FA	page	0000	0000	2323	5	10	影使い……	
359	1	0x007306	page	0000	0000	2323	3	6	やはり	
359	2	0x00730E	page	0000	0000	2323	12	24	ウイザーズの仕業なのか？	
360	0	0x007330	page	0200	0000	2424	2	4	……	
361	0	0x00733E	page	0200	0000	2323	5	10	静かね……	
361	1	0x00734A	page	0200	0000	2323	4	8	辻斬りは	
361	2	0x007354	page	0200	0000	2323	8	16	出てくるかしら？	
362	0	0x00736E	page	0000	0000	2424	7	14	いつかは……な	
363	0	0x007386	page	0000	0000	2323	4	8	さあ……	
363	1	0x007390	page	0000	0000	2323	3	6	行くぞ	
364	0	0x00739C	count			2323	3	6	周囲	
364	1	0x0073A4	count			2323	3	6	ダクト	
364	2	0x0073AC	count			2323	3	6	少年	
365	0	0x0073B6	count				3	6	周囲	
365	1	0x0073BE	count				3	6	ダクト	
365	2	0x0073C6	count				3	6	チョロ	
366	0	0x0073D0	count				2	4	仲間	
366	1	0x0073D6	count				2	4	少年	
367	0	0x0073DE	count				3	6	仲間	
367	1	0x0073E6	count				3	6	チョロ	
368	0	0x0073F4	page	0200	0000		5	10	以蔵さんは	
368	1	0x007400	page	0200	0000		10	20	ここに逃げ込んだのね	
369	0	0x007418	page			2424	11	22	表通りから離れてるから	
369	1	0x007430	page			2424	10	20	人の姿が見えないわね	
370	0	0x00744E	page	0200	0000	2323	3	6	ここも	
370	1	0x007456	page	0200	0000	2323	11	22	地面が見えてるけど……	
371	0	0x007476	page	0202	0000	2323	8	16	ちょっと待って！	
371	1	0x007488	page	0202	0000	2323	6	12	誰かいるわ！	
372	0	0x00749E	page	0000	0000	2424	8	16	どうした、マオ？	
372	1	0x0074B0	page	0000	0000	2424	7	14	何も見えないぞ	
373	0	0x0074C8	page	0202	0000	2424	10	20	人よ！　人がいるの！	
373	1	0x0074DE	page	0202	0000	2424	9	18	まだ小さな男の子が	
373	2	0x0074F2	page	0202	0000	2424	11	22	おかしなクリッターに！	
374	0	0x00750C	page			2424	9	18	こっち、こっちよ！	
375	0	0x007528	page	0200	0000	2323	7	14	あのダクトは？	
376	0	0x007540	page	0300	0000	2424	5	10	地下作業の	
376	1	0x00754C	page	0300	0000	2424	10	20	換気用ダクトでしょう	
377	0	0x007564	page			2424	7	14	このあたりじゃ	
377	1	0x007574	page			2424	8	16	あちこちで地面を	
377	2	0x007586	page			2424	12	24	掘り返してるようですから	
378	0	0x0075A8	page	0000	0000	2323	9	18	まだ子供じゃないか	
379	0	0x0075C4	page	0200	0000	2424	12	24	このあたりに住みついてる	
379	1	0x0075DE	page	0200	0000	2424	10	20	ストリート・キッドね	
380	0	0x0075FC	page	0000	0000	2323	10	20	以蔵を襲った辻斬りは	
380	1	0x007612	page	0000	0000	2323	10	20	ここで姿を消した……	
381	0	0x007630	page	0100	0000	2424	12	24	以蔵にとどめを刺すことも	
381	1	0x00764A	page	0100	0000	2424	6	12	できたはずだ	
381	2	0x007658	page	0100	0000	2424	6	12	いったい……	
382	0	0x00766E	page	0001	0000	2323	3	6	うわ！	
383	0	0x00767E	page	0203	0000	2424	4	8	きゃあ！	
384	0	0x007690	page	0200	0000	2323	12	24	以蔵さんが言ってた風って	
384	1	0x0076AA	page	0200	0000	2323	7	14	このことね……	
385	0	0x0076C2	page	0000	0000	2323	11	22	まったく、人騒がせだぜ	
386	0	0x0076E2	page	0000	0000	2323	4	8	いったい	
386	1	0x0076EC	page	0000	0000	2323	8	16	どういうことだ？	
387	0	0x007706	page	0200	0000	2424	2	4	さあ	
387	1	0x00770C	page	0200	0000	2424	12	24	でも魔法がからんでるのは	
387	2	0x007726	page	0200	0000	2424	8	16	間違いなさそうね	
388	0	0x007740	page	0201	0000	2323	11	22	あたしはマオっていうの	
388	1	0x007758	page	0201	0000	2323	5	10	あなたは？	
389	0	0x00776A	page	1D00	0001		2	4	……	
390	0	0x007778	page	0201	0000	2323	10	20	こわがることはないわ	
390	1	0x00778E	page	0201	0000	2323	7	14	名前を教えて？	
391	0	0x0077A6	page	1D00	0001	2424	2	4	……	
392	0	0x0077AE	page			2424	8	16	名前なんてないよ	
392	1	0x0077C0	page			2424	10	20	みんなは、チョロって	
392	2	0x0077D6	page			2424	4	8	呼ぶけど	
393	0	0x0077E8	page	0200	0000	2323	3	6	あなた	
393	1	0x0077F0	page	0200	0000	2323	9	18	魔法が使えるのね？	
394	0	0x00780C	page	1D00	0001	2424	6	12	……まほう？	
395	0	0x00781C	page			2424	4	8	ちがうよ	
395	1	0x007826	page			2424	11	22	見えないともだちの力を	
395	2	0x00783E	page			2424	7	14	かりてるだけさ	
396	0	0x007856	page	0000	0000	2424	3	6	友達？	
397	0	0x007866	page	0200	0000	2424	3	6	たぶん	
397	1	0x00786E	page	0200	0000	2424	9	18	街の精霊のことだわ	
398	0	0x007884	page			2424	3	6	彼には	
398	1	0x00788C	page			2424	9	18	シャーマンの能力が	
398	2	0x0078A0	page			2424	7	14	感じられるもの	
399	0	0x0078B8	page	0200	0000	2323	2	4	ねえ	
399	1	0x0078BE	page	0200	0000	2323	9	18	教えてくれないかな	
400	0	0x0078D4	page			2424	11	22	辻斬りのことなんだけど	
401	0	0x0078F4	page	1D00	0001	2424	2	4	……	
402	0	0x007902	page	0200	0000	2323	9	18	あなたを襲ったのは	
402	1	0x007916	page	0200	0000	2323	4	8	この人？	
403	0	0x007928	page	1D00	0001	2323	2	4	！！	
404	0	0x007936	page	0201	0000	2424	4	8	ごめんね	
404	1	0x007940	page	0201	0000	2424	8	16	驚かすつもりじゃ	
404	2	0x007952	page	0201	0000	2424	8	16	なかったんだけど	
405	0	0x00796C	page	0200	0000	2323	11	22	こいつに襲われたのね？	
406	0	0x00798C	page	1D00	0001	2424	4	8	……うん	
407	0	0x00799E	page	1D00	0001	2323	2	4	……	
408	0	0x0079A6	page			2424	12	24	……いつもとおなじように	
408	1	0x0079C0	page			2424	6	12	このあたりで	
408	2	0x0079CE	page			2424	7	14	あそんでたんだ	
409	0	0x0079E0	page			2424	4	8	そしたら	
409	1	0x0079EA	page			2424	13	26	そいつがおそいかかってきた	
410	0	0x007A08	page			2424	11	22	どこから出てきたのかも	
410	1	0x007A20	page			2424	7	14	わかんなかった	
411	0	0x007A38	page	1D00	0001	2323	4	8	そいつに	
411	1	0x007A42	page	1D00	0001	2323	11	22	どんどん追っかけられて	
412	0	0x007A5C	page			2424	10	20	もう逃げらんないって	
412	1	0x007A72	page			2424	4	8	おもった	
413	0	0x007A7E	page			2424	2	4	でも	
413	1	0x007A84	page			2424	4	8	だれかが	
413	2	0x007A8E	page			2424	9	18	たすけてくれたんだ	
414	0	0x007AAA	page	0200	0000	2323	2	4	え？	
414	1	0x007AB0	page	0200	0000	2323	10	20	誰かが助けてくれた？	
415	0	0x007ACE	page	1D00	0001	2424	2	4	うん	
416	0	0x007AD6	page			2424	12	24	『たすけてほしいか』って	
416	1	0x007AF0	page			2424	6	12	声がきこえて	
417	0	0x007B00	page			2424	12	24	たすけてくれって言ったら	
417	1	0x007B1A	page			2424	12	24	あいつが消えちゃったんだ	
418	0	0x007B3C	page	1D00	0001	2323	4	8	どっちも	
418	1	0x007B46	page	1D00	0001	2323	8	16	ともだちに似てた	
419	0	0x007B5A	page			2424	2	4	でも	
419	1	0x007B60	page			2424	10	20	追いかけてきたほうは	
419	2	0x007B76	page			2424	12	24	ともだちなんかじゃないよ	
420	0	0x007B98	page	0200	0000	2323	8	16	もうだいじょうぶ	
420	1	0x007BAA	page	0200	0000	2323	6	12	危険はないわ	
421	0	0x007BC0	page	1D00	0001	2323	7	14	……ほんとう？	
422	0	0x007BD8	page	0201	0000	2424	3	6	本当よ	
422	1	0x007BE0	page	0201	0000	2424	7	14	あたしを信じて	
423	0	0x007BF4	count			2323	2	4	周囲	
424	0	0x007BFC	count				4	8	仲間	
424	1	0x007C06	count				4	8	通行人1	
424	2	0x007C10	count				4	8	通行人2	
424	3	0x007C1A	count				4	8	通行人3	
425	0	0x007C2C	page	0200	0000		3	6	渋谷は	
425	1	0x007C34	page	0200	0000		11	22	とてもきらびやかな街だ	
426	0	0x007C4E	page			2424	2	4	でも	
427	0	0x007C56	page			2424	4	8	裏通りに	
427	1	0x007C60	page			2424	10	20	一歩足を踏み入れれば	
427	2	0x007C76	page			2424	11	22	もうひとつの顔が見える	
428	0	0x007C90	page			2424	10	20	渋谷のもうひとつの顔	
428	1	0x007CA6	page			2424	10	20	ギャングたちが集まる	
428	2	0x007CBC	page			2424	4	8	危険な街	
429	0	0x007CC8	page			2424	6	12	影のなかでは	
429	1	0x007CD6	page			2424	7	14	ギャングたちが	
429	2	0x007CE6	page			2424	10	20	戦いを繰り広げている	
430	0	0x007D04	page	0200	0000	2323	4	8	表通りは	
430	1	0x007D0E	page	0200	0000	2323	9	18	はなやかだけど……	
431	0	0x007D2A	page	0200	0000	2323	7	14	辻斬りの現場は	
431	1	0x007D3A	page	0200	0000	2323	7	14	裏通りみたいね	
432	0	0x007D52	page	0300	0000	2323	10	20	表通りは華やかですね	
432	1	0x007D68	page	0300	0000	2323	16	32	ここじゃ、さすがにギャングたちは	
432	2	0x007D8A	page	0300	0000	2323	6	12	見当たらない	
433	0	0x007DA0	page	0300	0000	2323	4	8	やっぱり	
433	1	0x007DAA	page	0300	0000	2323	8	16	ギャングの評判は	
433	2	0x007DBC	page	0300	0000	2323	8	16	よくありませんね	
434	0	0x007DD0	page			2424	4	8	裏通りは	
434	1	0x007DDA	page			2424	11	22	彼らの天下、ですか……	
435	0	0x007DFA	page	1900	0001	2323	6	12	辻斬り事件？	
435	1	0x007E08	page	1900	0001	2323	3	6	どうせ	
435	2	0x007E10	page	1900	0001	2323	12	24	ギャングどもの抗争だろう	
436	0	0x007E2C	page			2424	7	14	このあたりじゃ	
436	1	0x007E3C	page			2424	8	16	まだおとなしいが	
436	2	0x007E4E	page			2424	15	30	裏通りはギャングたちの天下だよ	
437	0	0x007E76	page	1900	0001	2323	5	10	表通りじゃ	
437	1	0x007E82	page	1900	0001	2323	10	20	事件は起きてないなあ	
438	0	0x007E9A	page			2424	6	12	事件のことを	
438	1	0x007EA8	page			2424	9	18	知りたいんだったら	
438	2	0x007EBC	page			2424	12	24	裏通りに行って見るんだな	
439	0	0x007EDE	page	1A00	0001	2323	9	18	『オンフォール』？	
439	1	0x007EF2	page	1A00	0001	2323	4	8	……ああ	
439	2	0x007EFC	page	1A00	0001	2323	6	12	知ってますよ	
440	0	0x007F0C	page			2424	2	4	でも	
440	1	0x007F12	page			2424	11	22	あそこはギャングどもの	
440	2	0x007F2A	page			2424	7	14	溜まり場ですよ	
441	0	0x007F42	page	1A00	0001	2323	8	16	場所を教えるのは	
441	1	0x007F54	page	1A00	0001	2323	8	16	かまいませんけど	
442	0	0x007F68	page			2424	5	10	普通の人が	
442	1	0x007F74	page			2424	12	24	行く場所じゃありませんよ	
443	0	0x007F96	page	1B00	0001	2323	11	22	ストリート・ギャング？	
444	0	0x007FB0	page			2424	6	12	このへんじゃ	
444	1	0x007FBE	page			2424	11	22	メタルなんとかってのが	
444	2	0x007FD6	page			2424	9	18	強いって話だけどね	
445	0	0x007FF2	page	1B00	0001	2323	11	22	メタルはいろんな連中を	
445	1	0x00800A	page	1B00	0001	2323	9	18	相手にしてるからね	
446	0	0x008020	page			2424	9	18	最近も横浜の連中や	
446	1	0x008034	page			2424	9	18	武空ってギャングと	
446	2	0x008048	page			2424	4	8	戦ってた	
447	0	0x00805A	page	1B00	0001	2323	12	24	武空に会いたいんだったら	
447	1	0x008074	page	1B00	0001	2323	12	24	裏通りにある『逆島屋』に	
447	2	0x00808E	page	1B00	0001	2323	5	10	行ってみな	
448	0	0x00809E	count			2323	4	8	逆島屋	
448	1	0x0080A8	count			2323	4	8	ギャング	
449	0	0x0080B4	count				2	4	仲間	
449	1	0x0080BA	count				2	4	武空	
450	0	0x0080C2	count				8	16	挑発するように	
450	1	0x0080D4	count				8	16	なだめるように	
450	2	0x0080E6	count				8	16	たしなめるように	
450	3	0x0080F8	count				8	16	あくまで冷静に	
451	0	0x008110	page	0200	0000		9	18	表通りとは正反対ね	
451	1	0x008124	page	0200	0000		9	18	暗くって危険な感じ	
452	0	0x008140	page	0200	0000	2323	8	16	すごく古めかしい	
452	1	0x008152	page	0200	0000	2323	7	14	感じの店だけど	
453	0	0x00816A	page	0200	0000	2323	12	24	あたりにたむろしてるのが	
453	1	0x008184	page	0200	0000	2323	8	16	武空のメンバーね	
454	0	0x00819E	page	0200	0000	2323	7	14	この雰囲気じゃ	
454	1	0x0081AE	page	0200	0000	2323	5	10	普通の人は	
454	2	0x0081BA	page	0200	0000	2323	11	22	なかなか近よれないわね	
455	0	0x0081DA	page	0200	0000	2323	4	8	あらあら	
456	0	0x0081E6	page			2424	3	6	なんか	
456	1	0x0081EE	page			2424	4	8	雰囲気が	
456	2	0x0081F8	page			2424	13	26	ピリピリしてきちゃったわね	
457	0	0x00821C	page	0200	0000	2323	9	18	ギャングたちの姿が	
457	1	0x008230	page	0200	0000	2323	5	10	見えないわ	
457	2	0x00823C	page	0200	0000	2323	9	18	店もからっぽみたい	
458	0	0x008258	page	0000	0000	2323	7	14	スキンヘッドが	
458	1	0x008268	page	0000	0000	2323	3	6	連中の	
458	2	0x008270	page	0000	0000	2323	12	24	トレードマークみたいだな	
459	0	0x008292	page	0200	0000	2424	6	12	ヤな感じ……	
460	0	0x0082A2	page			2424	10	20	こっちをにらみつけて	
460	1	0x0082B8	page			2424	6	12	あたしたちを	
460	2	0x0082C6	page			2424	6	12	威嚇してるわ	
461	0	0x0082DC	page	0200	0000	2323	6	12	あたしたちを	
461	1	0x0082EA	page	0200	0000	2323	6	12	警戒してるわ	
461	2	0x0082F8	page	0200	0000	2323	6	12	どうしよう？	
462	0	0x00830E	page	0200	0000	2323	4	8	なんだか	
462	1	0x008318	page	0200	0000	2323	11	22	みんな怯えてるみたいね	
463	0	0x008338	page	0200	0000	2323	4	8	さすがに	
463	1	0x008342	page	0200	0000	2323	11	22	あたしたちに気を許した	
463	2	0x00835A	page	0200	0000	2323	9	18	わけじゃないみたい	
464	0	0x008376	page	0200	0000	2323	13	26	もう、ここにはいないようね	
465	0	0x00839A	page	0100	0000	2323	4	8	さっさと	
465	1	0x0083A4	page	0100	0000	2323	11	22	用事を済ませてしまおう	
466	0	0x0083C4	page	0100	0000	2323	6	12	武空の連中は	
466	1	0x0083D2	page	0100	0000	2323	4	8	どこかに	
466	2	0x0083DC	page	0100	0000	2323	7	14	行ったようだな	
467	0	0x0083F4	page	1800	0001	2323	8	16	なんだてめえら？	
467	1	0x008406	page	1800	0001	2323	7	14	ここがどこだか	
467	2	0x008416	page	1800	0001	2323	8	16	わかってんのか？	
468	0	0x008430	page	0000	0000	2323	4	8	おいおい	
468	1	0x00843A	page	0000	0000	2323	11	22	そうとんがるなって……	
469	0	0x00845A	page	1800	0001	2424	5	10	うるせえ！	
469	1	0x008466	page	1800	0001	2424	5	10	てめえらに	
469	2	0x008472	page	1800	0001	2424	9	18	話すことなんかねえ	
470	0	0x00848E	page	1800	0001	2323	9	18	しつこい野郎どもだ	
471	0	0x0084A4	page			2424	3	6	……！	
472	0	0x0084AE	page			2424	4	8	てめえら	
472	1	0x0084B8	page			2424	9	18	まさかメタルの……	
473	0	0x0084D4	page	0000	0000	2424	4	8	おやおや	
474	0	0x0084E0	page			2424	9	18	血の気が多いうえに	
474	1	0x0084F4	page			2424	11	22	勘違いまでしてるのか？	
475	0	0x008514	page	0200	0000	2424	5	10	そうみたい	
476	0	0x008522	page			2424	6	12	あたしたちを	
476	1	0x008530	page			2424	9	18	メタルのメンバーと	
476	2	0x008544	page			2424	10	20	思ってるんじゃない？	
477	0	0x008562	page	0100	0000	2323	5	10	メタルには	
477	1	0x00856E	page	0100	0000	2323	12	24	ひどく痛めつけられたって	
477	2	0x008588	page	0100	0000	2323	4	8	話だが？	
478	0	0x00859A	page	1800	0001	2424	4	8	おまえら	
478	1	0x0085A4	page	1800	0001	2424	4	8	俺たちを	
478	2	0x0085AE	page	1800	0001	2424	8	16	笑いに来たのか？	
479	0	0x0085C8	page	1800	0001	2424	3	6	確かに	
479	1	0x0085D0	page	1800	0001	2424	6	12	ひどい有様さ	
479	2	0x0085DE	page	1800	0001	2424	12	24	奴らの勢いにはかなわねえ	
480	0	0x008600	page	0100	0000	2323	6	12	そのメタルが	
481	0	0x008610	page			2424	2	4	最近	
481	1	0x008616	page			2424	12	24	次々と襲われてるって話は	
481	2	0x008630	page			2424	5	10	どうだい？	
482	0	0x008644	page	1800	0001	2424	10	20	渋谷の辻斬り事件だろ	
482	1	0x00865A	page	1800	0001	2424	7	14	いい気味さ……	
483	0	0x008672	page	1800	0001	2424	5	10	……ん？！	
484	0	0x008680	page			2424	11	22	おまえら何が言いたい？	
484	1	0x008698	page			2424	3	6	まさか	
484	2	0x0086A0	page			2424	11	22	俺たちを疑ってるのか？	
485	0	0x0086C0	page	0100	0000	2424	2	4	ああ	
486	0	0x0086C8	page			2424	4	8	辻斬りが	
486	1	0x0086D2	page			2424	9	18	メタルへの報復なら	
486	2	0x0086E6	page			2424	15	30	おまえたちにも動機があるからな	
487	0	0x00870E	page	1800	0001	2424	10	20	ハハ、そいつは傑作だ	
488	0	0x00872C	page	0100	0000	2323	8	16	どういう意味だ？	
489	0	0x008746	page	1800	0001	2424	9	18	隠したって仕方ねえ	
490	0	0x00875C	page			2424	4	8	俺たちが	
490	1	0x008766	page			2424	10	20	まだ生きのびてるのは	
490	2	0x00877C	page			2424	9	18	奇跡みたいなもんさ	
491	0	0x008792	page			2424	8	16	いまの俺たちには	
491	1	0x0087A4	page			2424	13	26	メタルに手を出すほどの力は	
491	2	0x0087C0	page			2424	7	14	残っちゃいない	
492	0	0x0087D2	page			2424	8	16	信じる信じないは	
492	1	0x0087E4	page			2424	10	20	あんたの勝手だけどな	
493	0	0x008802	page	0100	0000	2323	3	6	じゃあ	
493	1	0x00880A	page	0100	0000	2323	7	14	あんたらが見て	
493	2	0x00881A	page	0100	0000	2323	9	18	誰が怪しいと思う？	
494	0	0x008836	page	1800	0001	2424	5	10	そんなのは	
494	1	0x008842	page	1800	0001	2424	4	8	俺たちの	
494	2	0x00884C	page	1800	0001	2424	9	18	知ったこっちゃねえ	
495	0	0x008862	page			2424	2	4	だが	
495	1	0x008868	page			2424	5	10	なんにせよ	
495	2	0x008874	page			2424	12	24	辻斬りはいい度胸してるさ	
496	0	0x008890	page			2424	7	14	メタルの奴らは	
496	1	0x0088A0	page			2424	9	18	この辻斬り事件さえ	
496	2	0x0088B4	page			2424	13	26	勢力拡大に使うつもりなのさ	
497	0	0x0088D2	page			2424	7	14	犯人がわかれば	
497	1	0x0088E2	page			2424	7	14	そいつ徹底的に	
497	2	0x0088F2	page			2424	10	20	つぶしにかかるだろう	
498	0	0x008910	page	1800	0001	2323	4	8	メタルも	
498	1	0x00891A	page	1800	0001	2323	9	18	辻斬りと同じくらい	
498	2	0x00892E	page	1800	0001	2323	7	14	恐ろしい連中さ	
499	0	0x008946	page	0200	0000	2424	4	8	メタルは	
499	1	0x008950	page	0200	0000	2424	6	12	この事件さえ	
499	2	0x00895E	page	0200	0000	2424	9	18	勢力拡大に使う……	
500	0	0x008974	page			2424	6	12	あたしたちが	
500	1	0x008982	page			2424	11	22	犯人を探しだしたとして	
501	0	0x00899C	page			2424	4	8	そこから	
501	1	0x0089A6	page			2424	8	16	また新しい戦いが	
501	2	0x0089B8	page			2424	9	18	起こるとしたら……	
502	0	0x0089D4	page	0100	0000	2424	2	4	……	
503	0	0x0089E2	page	0300	0000	2323	6	12	そのメタルが	
504	0	0x0089F2	page			2424	2	4	最近	
504	1	0x0089F8	page			2424	12	24	次々と襲われてるって話は	
504	2	0x008A12	page			2424	6	12	どうですか？	
505	0	0x008A28	page	1800	0001	2424	10	20	渋谷の辻斬り事件だろ	
505	1	0x008A3E	page	1800	0001	2424	5	10	いい気味さ	
506	0	0x008A4C	page			2424	4	8	……？！	
507	0	0x008A58	page			2424	11	22	おまえら何が言いたい？	
507	1	0x008A70	page			2424	3	6	まさか	
507	2	0x008A78	page			2424	11	22	俺たちを疑ってるのか？	
508	0	0x008A98	page	0300	0000	2424	5	10	そうですね	
509	0	0x008AA6	page			2424	4	8	辻斬りが	
509	1	0x008AB0	page			2424	9	18	メタルへの報復なら	
510	0	0x008AC6	page			2424	7	14	あなたたちにも	
510	1	0x008AD6	page			2424	11	22	動機があるわけですから	
511	0	0x008AF6	page	1800	0001	2424	10	20	ハハ、そいつは傑作だ	
512	0	0x008B14	page	0300	0000	2323	9	18	どういう意味です？	
513	0	0x008B30	page	1800	0001	2424	9	18	隠したって仕方ねえ	
514	0	0x008B46	page			2424	4	8	俺たちが	
514	1	0x008B50	page			2424	10	20	まだ生きのびてるのは	
514	2	0x008B66	page			2424	9	18	奇跡みたいなもんさ	
515	0	0x008B7C	page			2424	8	16	いまの俺たちには	
515	1	0x008B8E	page			2424	13	26	メタルに手を出すほどの力は	
515	2	0x008BAA	page			2424	7	14	残っちゃいない	
516	0	0x008BBC	page			2424	8	16	信じる信じないは	
516	1	0x008BCE	page			2424	10	20	あんたの勝手だけどな	
517	0	0x008BEC	page	0300	0000	2323	3	6	じゃあ	
517	1	0x008BF4	page	0300	0000	2323	8	16	あなたがたが見て	
517	2	0x008C06	page	0300	0000	2323	11	22	誰が怪しいと思います？	
518	0	0x008C26	page	1800	0001	2424	6	12	そんなことは	
518	1	0x008C34	page	1800	0001	2424	4	8	俺たちの	
518	2	0x008C3E	page	1800	0001	2424	9	18	知ったこっちゃねえ	
519	0	0x008C54	page			2424	2	4	だが	
519	1	0x008C5A	page			2424	5	10	なんにせよ	
519	2	0x008C66	page			2424	12	24	辻斬りはいい度胸してるさ	
520	0	0x008C82	page			2424	7	14	メタルの奴らは	
520	1	0x008C92	page			2424	9	18	この辻斬り事件さえ	
520	2	0x008CA6	page			2424	13	26	勢力拡大に使うつもりなのさ	
521	0	0x008CC4	page			2424	7	14	犯人がわかれば	
521	1	0x008CD4	page			2424	4	8	徹底的に	
521	2	0x008CDE	page			2424	10	20	つぶしにかかるだろう	
522	0	0x008CFC	page	1800	0001	2323	4	8	メタルも	
522	1	0x008D06	page	1800	0001	2323	9	18	辻斬りと同じくらい	
522	2	0x008D1A	page	1800	0001	2323	7	14	恐ろしい連中さ	
523	0	0x008D32	page	0200	0000	2424	4	8	メタルは	
523	1	0x008D3C	page	0200	0000	2424	6	12	この事件さえ	
523	2	0x008D4A	page	0200	0000	2424	9	18	勢力拡大に使う……	
524	0	0x008D60	page			2424	6	12	あたしたちが	
524	1	0x008D6E	page			2424	11	22	犯人を探しだしたとして	
525	0	0x008D88	page			2424	4	8	そこから	
525	1	0x008D92	page			2424	8	16	また新しい戦いが	
525	2	0x008DA4	page			2424	9	18	起こるとしたら……	
526	0	0x008DC0	page	0100	0000	2424	2	4	……	
527	0	0x008DCE	page	1800	0001	2323	5	10	おめえらか	
527	1	0x008DDA	page	1800	0001	2323	12	24	金を払う気になったかい？	
528	0	0x008DFC	page	FF00	0000	2323	13	26	どのように話しかけますか？	
529	0	0x008E20	page	0000	0000	2323	12	24	俺たちがメタルだとしたら	
529	1	0x008E3A	page	0000	0000	2323	7	14	どうするんだ？	
530	0	0x008E52	page	1800	0001	2424	3	6	ちっ！	
530	1	0x008E5A	page	1800	0001	2424	7	14	知れたことよ！	
531	0	0x008E72	page	0000	0000	2323	4	8	やれやれ	
531	1	0x008E7C	page	0000	0000	2323	11	22	話を聞きそびれちまった	
532	0	0x008E9C	page	0200	0000	2424	4	8	まったく	
532	1	0x008EA6	page	0200	0000	2424	4	8	あんたも	
532	2	0x008EB0	page	0200	0000	2424	10	20	血の気が多いんだから	
533	0	0x008ECE	page	0100	0000	2323	8	16	そうとんがるなよ	
533	1	0x008EE0	page	0100	0000	2323	4	8	俺たちは	
533	2	0x008EEA	page	0100	0000	2323	10	20	話を聞きにきただけさ	
534	0	0x008F08	page	1800	0001	2424	4	8	話だぁ？	
535	0	0x008F1A	page	0100	0000	2424	3	6	そうさ	
535	1	0x008F22	page	0100	0000	2424	10	20	聞きたいことを聞けば	
535	2	0x008F38	page	0100	0000	2424	4	8	退散する	
536	0	0x008F4A	page	1800	0001	2424	7	14	……おまえたち	
536	1	0x008F5A	page	1800	0001	2424	10	20	メタルじゃないのか？	
537	0	0x008F78	page	0100	0000	2424	2	4	ああ	
538	0	0x008F80	page			2424	5	10	このとおり	
538	1	0x008F8C	page			2424	10	20	武器も構えちゃいない	
539	0	0x008FAA	page	1800	0001	2424	2	4	……	
540	0	0x008FB8	page	1800	0001	2424	5	10	いいだろう	
540	1	0x008FC4	page	1800	0001	2424	11	22	あんたは信用できそうだ	
541	0	0x008FE4	page	0200	0000	2323	10	20	ピリピリする気持ちも	
541	1	0x008FFA	page	0200	0000	2323	5	10	わかるけど	
541	2	0x009006	page	0200	0000	2323	10	20	少しは落ちついたら？	
542	0	0x00901E	page			2424	3	6	これで	
542	1	0x009026	page			2424	12	24	メタル・ラビリンス相手に	
542	2	0x009040	page			2424	6	12	戦うだなんて	
543	0	0x009050	page			2424	8	16	信じられないわね	
544	0	0x00906A	page	1800	0001	2424	8	16	な・ん・だとぉ？	
545	0	0x009084	page	0200	0000	2424	2	4	ほら	
545	1	0x00908A	page	0200	0000	2424	7	14	そんな短気じゃ	
545	2	0x00909A	page	0200	0000	2424	9	18	やっていけないわよ	
546	0	0x0090B6	page	1800	0001	2424	6	12	うるせえっ！	
547	0	0x0090CC	page	0200	0000	2323	4	8	ちょっと	
547	1	0x0090D6	page	0200	0000	2323	11	22	やりすぎたみたいね……	
548	0	0x0090F6	page	0300	0000	2424	3	6	相手を	
548	1	0x0090FE	page	0300	0000	2424	12	24	怒らせてどうするんですか	
549	0	0x009120	page	0200	0000	2424	3	6	だって	
549	1	0x009128	page	0200	0000	2424	13	26	あんまりカリカリしてるのが	
549	2	0x009144	page	0200	0000	2424	11	22	おもしろかったんだもん	
550	0	0x009164	page	1800	0001	2323	10	20	へっ！　とんがり耳か	
550	1	0x00917A	page	1800	0001	2323	11	22	痛い目にあわねえうちに	
550	2	0x009192	page	1800	0001	2323	8	16	とっとと消えな！	
551	0	0x0091AC	page	0300	0000	2424	8	16	エルフにむかって	
551	1	0x0091BE	page	0300	0000	2424	11	22	そういう口のききかたは	
551	2	0x0091D6	page	0300	0000	2424	11	22	やめたほうが賢明ですね	
552	0	0x0091F0	page			2424	3	6	それに	
552	1	0x0091F8	page			2424	5	10	もうひとつ	
552	2	0x009204	page			2424	9	18	言っておきましょう	
553	0	0x00921A	page			2424	6	12	わたしたちは	
553	1	0x009228	page			2424	11	22	ギャングではありません	
554	0	0x009248	page	1800	0001	2424	3	6	けっ！	
554	1	0x009250	page	1800	0001	2424	11	22	そのお偉いエルフさんが	
554	2	0x009268	page	1800	0001	2424	6	12	なんの用だ？	
555	0	0x00927E	page	0300	0000	2424	2	4	別段	
555	1	0x009284	page	0300	0000	2424	6	12	あなたがたと	
555	2	0x009292	page	0300	0000	2424	11	22	争うつもりはありません	
556	0	0x0092AC	page			2424	12	24	少し話を聞きたいだけです	
557	0	0x0092CE	page	1800	0001	2424	10	20	話を聞きたいねぇ……	
558	0	0x0092E6	page			2424	9	18	お偉いエルフさんは	
558	1	0x0092FA	page			2424	8	16	ものの頼みかたを	
558	2	0x00930C	page			2424	8	16	知らねえようだな	
559	0	0x009326	page	0300	0000	2424	6	12	やれやれ……	
560	0	0x00933C	page	FF00	0000	2323	9	18	お金を渡しますか？	
561	0	0x009358	page	1800	0001	2323	13	26	……で、何が聞きたいんだ？	
562	0	0x00937C	page	0300	0000	2424	5	10	メタルには	
562	1	0x009388	page	0300	0000	2424	12	24	ひどく痛めつけられたって	
562	2	0x0093A2	page	0300	0000	2424	5	10	話ですが？	
563	0	0x0093B6	page	1800	0001	2424	4	8	おまえら	
563	1	0x0093C0	page	1800	0001	2424	4	8	俺たちを	
563	2	0x0093CA	page	1800	0001	2424	8	16	笑いに来たのか？	
564	0	0x0093DE	page			2424	3	6	確かに	
564	1	0x0093E6	page			2424	6	12	ひどい有様さ	
564	2	0x0093F4	page			2424	12	24	奴らの勢いにはかなわねえ	
565	0	0x009416	page	1800	0001	2323	9	18	礼儀を知らねえ奴に	
565	1	0x00942A	page	1800	0001	2323	8	16	話すことはねえぜ	
566	0	0x009440	count			2323	4	8	周囲	
566	1	0x00944A	count			2323	4	8	ギャング	
567	0	0x009456	count				4	8	仲間	
567	1	0x009460	count				4	8	入口の男	
567	2	0x00946A	count				4	8	ギャング	
568	0	0x009476	count				7	14	無理に押し入る	
568	1	0x009486	count				7	14	引き上げる	
569	0	0x00949C	page	0200	0000		11	22	へえ、上品な店じゃない	
570	0	0x0094B6	page			2424	5	10	ギャングが	
570	1	0x0094C2	page			2424	9	18	集まるっていうから	
571	0	0x0094D8	page			2424	11	22	もっとけばけばしいのを	
571	1	0x0094F0	page			2424	6	12	想像してたわ	
572	0	0x009506	page	0200	0000	2323	7	14	こうして見ると	
572	1	0x009516	page	0200	0000	2323	9	18	普通の店なんだけど	
573	0	0x009532	page	0100	0000	2323	2	4	ちっ	
573	1	0x009538	page	0100	0000	2323	12	24	どうやら、休みのようだな	
573	2	0x009552	page	0100	0000	2323	7	14	出直すしかない	
574	0	0x00956A	page	0200	0000	2424	4	8	なぁんだ	
574	1	0x009574	page	0200	0000	2424	4	8	せっかく	
574	2	0x00957E	page	0200	0000	2424	13	26	話が聞けると思ったのに……	
575	0	0x0095A2	page	2700	0001	2323	4	8	待ちなよ	
575	1	0x0095AC	page	2700	0001	2323	4	8	あんたら	
575	2	0x0095B6	page	2700	0001	2323	11	22	どこへいくつもりだい？	
576	0	0x0095D6	page	0000	0000	2424	6	12	帰るところさ	
577	0	0x0095E6	page			2424	5	10	魔法使いに	
577	1	0x0095F2	page			2424	8	16	会いにきたんだが	
577	2	0x009604	page			2424	12	24	相手にしてもらえなくてな	
578	0	0x009626	page	2700	0001	2424	4	8	影使いに	
578	1	0x009630	page	2700	0001	2424	9	18	会いたいんだろう？	
579	0	0x009646	page			2424	6	12	こっちへ来な	
579	1	0x009654	page			2424	7	14	会わせてやるよ	
580	0	0x00966C	page	0200	0000	2323	4	8	やった！	
581	0	0x009678	page			2424	4	8	どうやら	
581	1	0x009682	page			2424	9	18	ウイザーズの面々が	
581	2	0x009696	page			2424	8	16	おでましみたいね	
582	0	0x0096B0	page	0200	0000	2323	6	12	このなかにも	
582	1	0x0096BE	page	0200	0000	2323	8	16	魔法使いがいるわ	
583	0	0x0096D8	page	0000	0000	2323	4	8	どうやら	
583	1	0x0096E2	page	0000	0000	2323	11	22	簡単に会わせるつもりは	
583	2	0x0096FA	page	0000	0000	2323	6	12	なさそうだな	
584	0	0x009710	page	0000	0000	2323	11	22	こいつらから聞き出そう	
585	0	0x009730	page	0200	0000	2323	12	24	いったい、どういうこと？	
586	0	0x009752	page	0100	0000	2424	2	4	……	
587	0	0x009760	page	0000	0000	2323	2	4	……	
588	0	0x00976E	page	0200	0000	2424	6	12	……とにかく	
588	1	0x00977C	page	0200	0000	2424	12	24	シルバー・ムーンに戻って	
588	2	0x009796	page	0200	0000	2424	10	20	考えをまとめましょう	
589	0	0x0097B4	page	0000	0000	2323	8	16	影使いはどこだ？	
590	0	0x0097C8	page			2424	3	6	まさか	
590	1	0x0097D0	page			2424	7	14	こんなところで	
590	2	0x0097E0	page			2424	5	10	ご対面か？	
591	0	0x0097F4	page	2700	0001	2424	4	8	おまえら	
591	1	0x0097FE	page	2700	0001	2424	7	14	影使いに会って	
591	2	0x00980E	page	2700	0001	2424	9	18	どうするつもりだ？	
592	0	0x00982A	page	0000	0000	2424	11	22	少し話を聞きたいだけさ	
592	1	0x009842	page	0000	0000	2424	8	16	渋谷のこととかね	
593	0	0x00985C	page	2700	0001	2424	3	6	……！	
594	0	0x009866	page			2424	13	26	いま渋谷に戻られたら面倒だ	
594	1	0x009882	page			2424	13	26	……かまわん、やっちまえ！	
595	0	0x0098A6	page	0200	0000	2323	3	6	魔法を	
595	1	0x0098AE	page	0200	0000	2323	7	14	こんな風にしか	
595	2	0x0098BE	page	0200	0000	2323	9	18	使えないなんて……	
596	0	0x0098DA	page	2700	0001	2424	2	4	……	
597	0	0x0098E8	page	0100	0000	2323	11	22	さあ、答えてもらおうか	
597	1	0x009900	page	0100	0000	2323	11	22	なぜ、俺たちを襲った？	
598	0	0x009920	page	2700	0001	2424	7	14	影使いのことを	
598	1	0x009930	page	2700	0001	2424	7	14	調べまわる奴は	
598	2	0x009940	page	2700	0001	2424	11	22	生かしちゃおけねぇ……	
599	0	0x009960	page	0100	0000	2323	9	18	影使いを隠すことに	
599	1	0x009974	page	0100	0000	2323	9	18	どんな意味がある？	
600	0	0x009990	page	2700	0001	2424	4	8	……へっ	
600	1	0x00999A	page	2700	0001	2424	6	12	知るもんか！	
601	0	0x0099B0	page	0100	0000	2424	11	22	聞きわけがない坊やには	
601	1	0x0099C8	page	0100	0000	2424	6	12	こうだぜ……	
602	0	0x0099DE	page	FF00	0001	2323	3	6	ひっ！	
603	0	0x0099EE	page	0100	0000	2424	2	4	なぜ	
603	1	0x0099F4	page	0100	0000	2424	11	22	影使いを隠そうとする？	
604	0	0x009A14	page	FF00	0001	2424	4	8	……くっ	
605	0	0x009A26	page	0100	0000	2424	3	6	答えろ	
606	0	0x009A36	page	FF00	0001	2424	12	24	……影使いは、もういない	
606	1	0x009A50	page	FF00	0001	2424	8	16	死んじまったのさ	
607	0	0x009A6A	page	0100	0000	2424	1	2	！	
608	0	0x009A76	page	0100	0000	2323	9	18	影使いが、死んだ？	
609	0	0x009A92	page	2A00	0001	2424	2	4	ああ	
609	1	0x009A98	page	2A00	0001	2424	8	16	もう1ヵ月になる	
610	0	0x009AAC	page			2424	9	18	渋谷の戦いで受けた	
610	1	0x009AC0	page			2424	8	16	流れ弾が原因でな	
611	0	0x009AD4	page			2424	9	18	あれほどの使い手が	
611	1	0x009AE8	page			2424	8	16	あっけないもんさ	
612	0	0x009B02	page	2A00	0001	2323	12	24	影使いが死んだとわかれば	
612	1	0x009B1C	page	2A00	0001	2323	7	14	メタルの連中が	
612	2	0x009B2C	page	2A00	0001	2323	8	16	勢力を伸ばそうと	
613	0	0x009B40	page			2424	6	12	こっちにまで	
613	1	0x009B4E	page			2424	10	20	乗りこんでくるだろう	
614	0	0x009B66	page			2424	5	10	そうなりゃ	
614	1	0x009B72	page			2424	7	14	いまの俺たちは	
614	2	0x009B82	page			2424	8	16	ひとたまりもない	
615	0	0x009B96	page			2424	3	6	だから	
615	1	0x009B9E	page			2424	6	12	影使いの死は	
615	2	0x009BAC	page			2424	11	22	知られたくなかった……	
616	0	0x009BCC	page	0100	0000	2323	3	6	じゃあ	
616	1	0x009BD4	page	0100	0000	2323	9	18	こいつに見覚えは？	
617	0	0x009BF0	page	2A00	0001	2323	3	6	……！	
618	0	0x009BFA	page			2424	6	12	そ、そいつは	
618	1	0x009C08	page			2424	8	16	影使いが操ってた	
618	2	0x009C1A	page			2424	8	16	精霊じゃねえか！	
619	0	0x009C34	page	0100	0000	2424	4	8	なにっ！	
620	0	0x009C46	page	2A00	0001	2323	12	24	影使いが従えていた精霊は	
620	1	0x009C60	page	2A00	0001	2323	5	10	人間の姿に	
620	2	0x009C6C	page	2A00	0001	2323	8	16	なることができた	
621	0	0x009C80	page			2424	7	14	きれいな女にも	
621	1	0x009C90	page			2424	11	22	恐ろしい用心棒にも……	
622	0	0x009CAA	page			2424	3	6	それで	
622	1	0x009CB2	page			2424	9	18	俺たちといっしょに	
622	2	0x009CC6	page			2424	10	20	行動することもあった	
623	0	0x009CDE	page			2424	2	4	俺は	
623	1	0x009CE4	page			2424	10	20	魔法は使えないからな	
624	0	0x009CFC	page			2424	3	6	あとで	
624	1	0x009D04	page			2424	12	24	こいつは人間じゃないって	
624	2	0x009D1E	page			2424	5	10	聞かされて	
625	0	0x009D2C	page			2424	12	24	ずいぶん気味悪かったのを	
625	1	0x009D46	page			2424	4	8	覚えてる	
626	0	0x009D52	page			2424	7	14	そのホロの侍は	
626	1	0x009D62	page			2424	11	22	影使いが連れてた精霊に	
626	2	0x009D7A	page			2424	7	14	そっくりだ……	
627	0	0x009D92	page	2A00	0001	2323	4	8	頼む……	
628	0	0x009D9E	page			2424	11	22	何が目的かは知らないが	
628	1	0x009DB6	page			2424	12	24	影使いが死んだことだけは	
628	2	0x009DD0	page			2424	6	12	黙っててくれ	
629	0	0x009DE0	page			2424	12	24	メタルの連中に知られたら	
629	1	0x009DFA	page			2424	4	8	今度こそ	
629	2	0x009E04	page			2424	9	18	本当につぶされる！	
630	0	0x009E20	page	0000	0000	2424	2	4	……	
631	0	0x009E2A	count			2323	3	6	店	
631	1	0x009E32	count			2323	3	6	のれん	
631	2	0x009E3A	count			2323	3	6	店内	
631	3	0x009E42	count			2323	3	6	主人	
631	4	0x009E4A	count			2323	3	6	以蔵	
632	0	0x009E54	count				2	4	仲間	
632	1	0x009E5A	count				2	4	主人	
632	2	0x009E60	count				2	4	以蔵	
633	0	0x009E68	count				4	8	威圧する	
633	1	0x009E72	count				4	8	無視する	
634	0	0x009E82	page	0200	0000		4	8	なんだか	
634	1	0x009E8C	page	0200	0000		10	20	うらぶれた感じの店ね	
635	0	0x009EAA	page	0200	0000	2323	8	16	落ちこんだ人には	
635	1	0x009EBC	page	0200	0000	2323	11	22	ぴったりと思うけど……	
636	0	0x009EDC	page	0200	0000	2323	3	6	『暁』	
636	1	0x009EE4	page	0200	0000	2323	11	22	間違いない、この店だわ	
637	0	0x009F04	page	0300	0000	2323	12	24	日本風の飲み屋ですか……	
638	0	0x009F20	page			2424	2	4	実は	
638	1	0x009F26	page			2424	13	26	こういう店ははじめてで……	
639	0	0x009F4A	page	0200	0000	2424	5	10	はじめて？	
640	0	0x009F58	page			2424	5	10	そういえば	
640	1	0x009F64	page			2424	6	12	Dヘッドって	
640	2	0x009F72	page			2424	14	28	あんまりお酒飲まなかったわね	
641	0	0x009F98	page	0000	0000	2323	9	18	とにかく中に入ろう	
642	0	0x009FB4	page	FF00	0000	2323	8	16	店に入りますか？	
643	0	0x009FCE	page	2100	0001	2323	7	14	いらっしゃい！	
643	1	0x009FDE	page	2100	0001	2323	3	6	どうぞ	
643	2	0x009FE6	page	2100	0001	2323	11	22	こちらのカウンターへ！	
644	0	0x00A000	page			2424	9	18	なんにしましょう？	
645	0	0x00A01C	page	0100	0000	2424	3	6	熱かん	
646	0	0x00A02C	page	0200	0000	2424	4	8	あたしも	
647	0	0x00A03E	page	0300	0000	2424	12	24	……わたしは水でいいです	
648	0	0x00A060	page	0000	0000	2424	8	16	なあ、おやじさん	
648	1	0x00A072	page	0000	0000	2424	9	18	以蔵ってサムライは	
648	2	0x00A086	page	0000	0000	2424	5	10	来てるかい	
649	0	0x00A09A	page	2100	0001	2424	9	18	へっ以蔵さんかい？	
650	0	0x00A0B6	page	2100	0001	2424	7	14	ほら、あそこで	
650	1	0x00A0C6	page	2100	0001	2424	9	18	飲んでるのがそうさ	
651	0	0x00A0E2	page	0200	0000	2323	6	12	中はちょっと	
651	1	0x00A0F0	page	0200	0000	2323	10	20	古めかしい感じだけど	
652	0	0x00A108	page			2424	4	8	たまには	
652	1	0x00A112	page			2424	12	24	こういうのも悪くないわね	
653	0	0x00A134	page	0200	0000	2323	4	8	おじさん	
653	1	0x00A13E	page	0200	0000	2323	8	16	おでんちょうだい	
654	0	0x00A158	page	2100	0001	2424	4	8	へいっ！	
655	0	0x00A16A	page	0200	0000	2323	4	8	すっかり	
655	1	0x00A174	page	0200	0000	2323	12	24	自信をなくしてるって感じ	
656	0	0x00A196	page	0200	0000	2323	11	22	かなりの凄腕らしいけど	
656	1	0x00A1AE	page	0200	0000	2323	3	6	いまは	
656	2	0x00A1B6	page	0200	0000	2323	11	22	とてもそう見えないわね	
657	0	0x00A1D6	page	0300	0000	2323	9	18	名うてのサムライが	
657	1	0x00A1EA	page	0300	0000	2323	6	12	こんなとこで	
657	2	0x00A1F8	page	0300	0000	2323	12	24	くすぶってるとはねえ……	
658	0	0x00A21A	page	0000	0000	2323	8	16	精霊っていうなら	
658	1	0x00A22C	page	0000	0000	2323	10	20	マオの専門じゃないか	
659	0	0x00A24A	page	0200	0000	2424	7	14	あたしの友達は	
659	1	0x00A25A	page	0200	0000	2424	6	12	自然界の精霊	
660	0	0x00A26A	page			2424	11	22	影使いって人が操ってた	
660	1	0x00A282	page			2424	7	14	元素の精霊とは	
660	2	0x00A292	page			2424	9	18	ぜんぜん別物なのよ	
661	0	0x00A2A8	page			2424	11	22	あたしにはわからないわ	
662	0	0x00A2C8	page	0200	0000	2323	4	8	いいの？	
662	1	0x00A2D2	page	0200	0000	2323	8	16	あんなこと言って	
663	0	0x00A2E6	page			2424	11	22	あの人に先を越されると	
663	1	0x00A2FE	page			2424	5	10	あたしたち	
663	2	0x00A30A	page			2424	9	18	ただ働きになるわよ	
664	0	0x00A326	page	0000	0000	2424	4	8	すまない	
664	1	0x00A330	page	0000	0000	2424	3	6	だけど	
664	2	0x00A338	page	0000	0000	2424	10	20	一目見てわかったんだ	
665	0	0x00A350	page			2424	4	8	あの男は	
665	1	0x00A35A	page			2424	8	16	本当のサムライだ	
666	0	0x00A36E	page			2424	6	12	あんなとこで	
666	1	0x00A37C	page			2424	11	22	くすぶってる奴じゃない	
667	0	0x00A396	page			2424	8	16	サムライの誇りを	
667	1	0x00A3A8	page			2424	12	24	思い出してほしかったのさ	
668	0	0x00A3CA	page	0200	0000	2424	6	12	……まったく	
668	1	0x00A3D8	page	0200	0000	2424	10	20	人がいいんだから……	
669	0	0x00A3F6	page	0100	0000	2424	3	6	しかし	
669	1	0x00A3FE	page	0100	0000	2424	9	18	銃が効かないとはな	
669	2	0x00A412	page	0100	0000	2424	8	16	どういうことだ？	
670	0	0x00A42C	page	0200	0000	2424	2	4	風に	
670	1	0x00A432	page	0200	0000	2424	11	22	助けられたっていうのも	
670	2	0x00A44A	page	0200	0000	2424	3	6	妙よね	
671	0	0x00A45A	page	0100	0000	2424	12	24	果たして相手は魔法使いか	
671	1	0x00A474	page	0100	0000	2424	6	12	……それとも	
672	0	0x00A48A	page	0300	0000	2424	6	12	……それとも	
672	1	0x00A498	page	0300	0000	2424	8	16	人間ですらないか	
673	0	0x00A4B2	page	0100	0000	2424	7	14	いずれにしても	
673	1	0x00A4C2	page	0100	0000	2424	11	22	以蔵が逃げこんだ場所に	
673	2	0x00A4DA	page	0100	0000	2424	11	22	行ってみる必要があるな	
674	0	0x00A4FA	page	0100	0000	2323	4	8	とにかく	
674	1	0x00A504	page	0100	0000	2323	11	22	以蔵が逃げこんだ場所に	
674	2	0x00A51C	page	0100	0000	2323	6	12	行ってみよう	
675	0	0x00A532	page	2100	0001	2323	10	20	あそこで飲んでるのが	
675	1	0x00A548	page	2100	0001	2323	5	10	以蔵さんさ	
676	0	0x00A55C	page	2200	0001	2323	4	8	待ちなよ	
676	1	0x00A566	page	2200	0001	2323	11	22	あんたら、見ねえ顔だな	
676	2	0x00A57E	page	2200	0001	2323	10	20	以蔵さんに何の用だ？	
677	0	0x00A59C	page	0000	0000	2323	9	18	あんたを襲ったのは	
677	1	0x00A5B0	page	0000	0000	2323	7	14	こいつだろう？	
678	0	0x00A5C8	page	1200	0001	2424	4	8	……ああ	
679	0	0x00A5DA	page	0000	0000	2424	10	20	襲われたときのことを	
679	1	0x00A5F0	page	0000	0000	2424	12	24	詳しく聞かせてほしいんだ	
680	0	0x00A612	page	1200	0001	2424	7	14	あのことか……	
681	0	0x00A62A	page	1200	0001	2323	10	20	メタル・ラビリンスの	
681	1	0x00A640	page	1200	0001	2323	7	14	連中に頼まれて	
681	2	0x00A650	page	1200	0001	2323	14	28	辻斬りを張ってたときのことだ	
682	0	0x00A670	page			2424	10	20	ちょうどメンバーから	
682	1	0x00A686	page			2424	11	22	緊急の連絡が入ったのさ	
683	0	0x00A6A0	page			2424	10	20	辻斬りを見つけたから	
683	1	0x00A6B6	page			2424	10	20	手を貸してくれってな	
684	0	0x00A6CE	page			2424	2	4	だが	
684	1	0x00A6D4	page			2424	11	22	俺が駆けつけたときには	
685	0	0x00A6EE	page			2424	10	20	知らせてくれたやつは	
685	1	0x00A704	page			2424	10	20	もう血祭りにされてた	
686	0	0x00A71C	page			2424	10	20	体にしみついた反射さ	
687	0	0x00A734	page			2424	10	20	俺は即座に銃を抜いて	
687	1	0x00A74A	page			2424	8	16	ありったけの弾を	
687	2	0x00A75C	page			2424	7	14	奴に撃ちこんだ	
688	0	0x00A76E	page			2424	4	8	……だが	
688	1	0x00A778	page			2424	9	18	まったく手ごたえが	
688	2	0x00A78C	page			2424	6	12	ありゃしねえ	
689	0	0x00A79C	page			2424	2	4	銃が	
689	1	0x00A7A2	page			2424	9	18	ろくに効かねえんだ	
690	0	0x00A7B8	page			2424	10	20	弾倉を空にしたあとも	
690	1	0x00A7CE	page			2424	11	22	奴は平然としてやがった	
691	0	0x00A7E8	page			2424	3	6	そして	
691	1	0x00A7F0	page			2424	4	8	俺を見て	
691	2	0x00A7FA	page			2424	10	20	笑いやがったのさ……	
692	0	0x00A818	page	1200	0001	2323	4	8	……俺も	
692	1	0x00A822	page	1200	0001	2323	12	24	銃の効かない奴と戦うほど	
692	2	0x00A83C	page	1200	0001	2323	6	12	バカじゃない	
693	0	0x00A84C	page			2424	4	8	そこから	
693	1	0x00A856	page			2424	4	8	さっさと	
693	2	0x00A860	page			2424	9	18	ずらかろうとしたさ	
694	0	0x00A876	page			2424	4	8	……だが	
694	1	0x00A880	page			2424	10	20	奴を振りきれなかった	
695	0	0x00A898	page			2424	2	4	奴は	
695	1	0x00A89E	page			2424	12	24	じわじわといたぶるように	
695	2	0x00A8B8	page			2424	9	18	俺を傷つけていった	
696	0	0x00A8CE	page			2424	7	14	情けないもんさ	
697	0	0x00A8E0	page			2424	2	4	俺は	
697	1	0x00A8E6	page			2424	7	14	恐ろしくなって	
697	2	0x00A8F6	page			2424	11	22	逃げるしかなかったんだ	
698	0	0x00A910	page			2424	5	10	気がつきゃ	
698	1	0x00A91C	page			2424	2	4	俺は	
698	2	0x00A922	page			2424	12	24	袋小路に追いつめられてた	
699	0	0x00A944	page	1200	0001	2323	4	8	……だが	
699	1	0x00A94E	page	1200	0001	2323	10	20	妙なこともあるもんさ	
700	0	0x00A966	page			2424	2	4	奴は	
700	1	0x00A96C	page			2424	4	8	それ以上	
700	2	0x00A976	page			2424	10	20	追いかけてこなかった	
701	0	0x00A98E	page			2424	6	12	それどころか	
701	1	0x00A99C	page			2424	9	18	そこに立ち止まって	
701	2	0x00A9B0	page			2424	9	18	すっと消えちまった	
702	0	0x00A9C6	page			2424	4	8	……へっ	
702	1	0x00A9D0	page			2424	10	20	俺は、奴のきまぐれで	
702	2	0x00A9E6	page			2424	10	20	生き延びたってわけさ	
703	0	0x00AA04	page	0000	0000	2323	4	8	辻斬りが	
703	1	0x00AA0E	page	0000	0000	2323	11	22	とどめを刺さなかった？	
704	0	0x00AA2E	page	1200	0001	2424	2	4	ああ	
704	1	0x00AA34	page	1200	0001	2424	11	22	逃げ込んだ場所の手前で	
704	2	0x00AA4C	page	1200	0001	2424	7	14	奴は足を止めた	
705	0	0x00AA64	page	0000	0000	2424	8	16	どういうことだ？	
706	0	0x00AA7E	page	1200	0001	2424	3	6	さあな	
706	1	0x00AA86	page	1200	0001	2424	4	8	こっちが	
706	2	0x00AA90	page	1200	0001	2424	8	16	聞きたいくらいだ	
707	0	0x00AAA4	page			2424	4	8	……ただ	
707	1	0x00AAAE	page			2424	7	14	風が……吹いた	
708	0	0x00AAC0	page			2424	4	8	ちょうど	
708	1	0x00AACA	page			2424	8	16	奴が姿を消す前だ	
709	0	0x00AADE	page			2424	2	4	へっ	
709	1	0x00AAE4	page			2424	2	4	俺は	
709	2	0x00AAEA	page			2424	11	22	風に助けられたのかもな	
710	0	0x00AB0A	page	0000	0000	2323	6	12	なんでもいい	
710	1	0x00AB18	page	0000	0000	2323	2	4	他に	
710	2	0x00AB1E	page	0000	0000	2323	8	16	気づいたことは？	
711	0	0x00AB38	page	1200	0001	2424	3	6	……！	
712	0	0x00AB42	page			2424	4	8	……いや	
712	1	0x00AB4C	page			2424	8	16	そんなはずはねえ	
713	0	0x00AB66	page	0000	0000	2424	5	10	どうした？	
714	0	0x00AB7A	page	1200	0001	2424	3	6	奴とは	
714	1	0x00AB82	page	1200	0001	2424	6	12	前にどこかで	
714	2	0x00AB90	page	1200	0001	2424	10	20	戦ったような気がする	
715	0	0x00ABA8	page			2424	11	22	……たんなる思い過しさ	
716	0	0x00ABC8	page	0000	0000	2424	1	2	？	
717	0	0x00ABD4	page	0000	0000	2323	10	20	メタル・ラビリンスの	
717	1	0x00ABEA	page	0000	0000	2323	8	16	抗争相手について	
717	2	0x00ABFC	page	0000	0000	2323	10	20	なにか知ってるかい？	
718	0	0x00AC14	page			2424	6	12	今度の事件が	
718	1	0x00AC22	page			2424	11	22	メタルに対する報復なら	
719	0	0x00AC3C	page			2424	7	14	戦ってた相手を	
719	1	0x00AC4C	page			2424	8	16	探るのが早そうだ	
720	0	0x00AC66	page	1200	0001	2323	11	22	一番最近の抗争相手なら	
720	1	0x00AC7E	page	1200	0001	2323	9	18	ウイザーズ・エッジ	
720	2	0x00AC92	page	1200	0001	2323	8	16	横浜のギャングさ	
721	0	0x00ACA6	page			2424	12	24	魔法の使い手が多いんでね	
721	1	0x00ACC0	page			2424	12	24	一筋縄じゃいかない相手だ	
722	0	0x00ACDC	page			2424	4	8	なかでも	
722	1	0x00ACE6	page			2424	12	24	『影使い』って魔法使いは	
722	2	0x00AD00	page			2424	6	12	手ごわかった	
723	0	0x00AD16	page	0000	0000	2323	4	8	影使い？	
724	0	0x00AD28	page	1200	0001	2424	8	16	元素の精霊を操り	
724	1	0x00AD3A	page	1200	0001	2424	11	22	強力な呪文を使いこなす	
725	0	0x00AD54	page			2424	9	18	あるいは奴なら……	
725	1	0x00AD68	page			2424	15	30	今度の事件を起こせるかもしれん	
726	0	0x00AD90	page	0000	0000	2323	8	16	そうだ、以蔵さん	
726	1	0x00ADA2	page	0000	0000	2323	4	8	辻斬りは	
726	2	0x00ADAC	page	0000	0000	2323	8	16	俺たちが始末する	
727	0	0x00ADC0	page			2424	4	8	あんたは	
727	1	0x00ADCA	page			2424	3	6	ここで	
727	2	0x00ADD2	page			2424	10	20	くすぶってるがいいさ	
728	0	0x00ADEA	page			2424	7	14	取りまきどもと	
728	1	0x00ADFA	page			2424	4	8	一緒にな	
729	0	0x00AE0C	page	1200	0001	2424	4	8	……へっ	
730	0	0x00AE18	page			2424	9	18	……待ちな、若いの	
730	1	0x00AE2C	page			2424	11	22	あいつは……俺の獲物だ	
731	0	0x00AE4C	page	0000	0000	2424	2	4	なら	
731	1	0x00AE52	page	0000	0000	2424	9	18	どっちが先に倒すか	
731	2	0x00AE66	page	0000	0000	2424	3	6	競争だ	
732	0	0x00AE70	page			2424	2	4	まあ	
732	1	0x00AE76	page			2424	8	16	いまのあんたじゃ	
732	2	0x00AE88	page			2424	13	26	俺たちの勝ちは見えてるがな	
733	0	0x00AEAC	page	1200	0001	2424	2	4	……	
734	0	0x00AEBA	page	0000	0000	2323	6	12	……黙りな！	
735	0	0x00AED0	page	2200	0001	2424	4	8	うっ……	
736	0	0x00AEE2	page	0000	0000	2424	13	26	以蔵さんと話がしたいだけさ	
736	1	0x00AEFE	page	0000	0000	2424	4	8	あんたに	
736	2	0x00AF08	page	0000	0000	2424	10	20	用があるわけじゃない	
737	0	0x00AF26	page	2200	0001	2424	5	10	……くっ！	
737	1	0x00AF32	page	2200	0001	2424	13	26	なめんじゃねえぞっ、若造！	
738	0	0x00AF56	page	2100	0001	2424	6	12	おいおいっ！	
738	1	0x00AF64	page	2100	0001	2424	12	24	ケンカは外でやってくれ！	
739	0	0x00AF86	page	1200	0001	2424	10	20	そのへんでやめときな	
739	1	0x00AF9C	page	1200	0001	2424	6	12	その若いのは	
739	2	0x00AFAA	page	1200	0001	2424	7	14	『サムライ』だ	
740	0	0x00AFC2	page	2200	0001	2424	4	8	うぇっ！	
741	0	0x00AFD4	page	0000	0000	2323	11	22	あんたが以蔵さんだな？	
742	0	0x00AFF4	page	1200	0001	2424	2	4	……	
743	0	0x00B002	page	0000	0000	2424	12	24	腕利きのサムライにしちゃ	
743	1	0x00B01C	page	0000	0000	2424	12	24	みっともない姿じゃないか	
744	0	0x00B038	page			2424	8	16	辻斬りにやられて	
744	1	0x00B04A	page			2424	9	18	落ち込んでるとはね	
745	0	0x00B060	page			2424	4	8	おまけに	
745	1	0x00B06A	page			2424	9	18	取りまきまでつけて	
745	2	0x00B07E	page			2424	5	10	いい身分だ	
746	0	0x00B08C	page			2424	4	8	そんなに	
746	1	0x00B096	page			2424	10	20	辻斬りが恐いのかい？	
747	0	0x00B0B4	page	1200	0001	2424	5	10	……若いの	
747	1	0x00B0C0	page	1200	0001	2424	12	24	ケンカをふっかけるんなら	
747	2	0x00B0DA	page	1200	0001	2424	6	12	他をあたりな	
748	0	0x00B0EA	page			2424	4	8	あいにく	
748	1	0x00B0F4	page			2424	10	20	つきあってやれるほど	
748	2	0x00B10A	page			2424	6	12	ヒマじゃねえ	
749	0	0x00B120	page	0000	0000	2424	2	4	別に	
749	1	0x00B126	page	0000	0000	2424	14	28	ケンカを売りたいわけじゃない	
750	0	0x00B146	page			2424	11	22	いくつか教えてくれれば	
750	1	0x00B15E	page			2424	7	14	邪魔はしないさ	
751	0	0x00B176	page	1200	0001	2424	3	6	……？	
752	0	0x00B186	page	0000	0000	2323	2	4	……	
753	0	0x00B194	page	2200	0001	2424	3	6	おい！	
753	1	0x00B19C	page	2200	0001	2424	4	8	待ちな！	
754	0	0x00B1A8	page			2424	11	22	以蔵さんになんの用だと	
754	1	0x00B1C0	page			2424	8	16	聞いてんだよ！！	
755	0	0x00B1DA	page	0000	0000	2323	2	4	……	
756	0	0x00B1E8	page	2200	0001	2424	6	12	この野郎……	
756	1	0x00B1F6	page	2200	0001	2424	6	12	いい度胸だ！	
756	2	0x00B204	page	2200	0001	2424	5	10	表に出な！	
757	0	0x00B218	page	0000	0000	2424	2	4	ちっ	
757	1	0x00B21E	page	0000	0000	2424	8	16	うざってえやつだ	
758	0	0x00B238	page	0200	0000	2424	9	18	ちょっと、大丈夫？	
759	0	0x00B254	page	0000	0000	2424	4	8	大丈夫さ	
759	1	0x00B25E	page	0000	0000	2424	9	18	ちょっと行ってくる	
760	0	0x00B27A	page	1200	0001	2323	11	22	たいしたやんちゃ坊主だ	
760	1	0x00B292	page	1200	0001	2323	10	20	俺もぶちのめすかい？	
761	0	0x00B2B0	page	0000	0000	2424	5	10	やめとくよ	
761	1	0x00B2BC	page	0000	0000	2424	5	10	あんたとは	
761	2	0x00B2C8	page	0000	0000	2424	8	16	話をしたいだけだ	
762	0	0x00B2DC	page			2424	3	6	しかし	
762	1	0x00B2E4	page			2424	10	20	素人同然の取りまきに	
762	2	0x00B2FA	page			2424	8	16	守ってもらうとは	
763	0	0x00B30E	page			2424	4	8	どういう	
763	1	0x00B318	page			2424	10	20	風の吹きまわしだい？	
764	0	0x00B330	page			2424	4	8	腕利きの	
764	1	0x00B33A	page			2424	9	18	サムライなんだろ？	
765	0	0x00B356	page	1200	0001	2424	6	12	いまになって	
765	1	0x00B364	page	1200	0001	2424	9	18	俺の首を狙う連中が	
765	2	0x00B378	page	1200	0001	2424	5	10	多いんでな	
766	0	0x00B386	page			2424	11	22	戦いに負けたサムライは	
766	1	0x00B39E	page			2424	6	12	悲しいもんさ	
767	0	0x00B3B4	page	2100	0001	2323	2	4	おや	
767	1	0x00B3BA	page	2100	0001	2323	10	20	以蔵さんならいねえぜ	
768	0	0x00B3D4	count			2323	6	12	オンフォール	
768	1	0x00B3E2	count			2323	6	12	ギャング	
768	2	0x00B3F0	count			2323	6	12	店内	
768	3	0x00B3FE	count			2323	6	12	ハジメ	
769	0	0x00B40E	count				4	8	仲間	
769	1	0x00B418	count				4	8	ギャング	
769	2	0x00B422	count				4	8	ハジメ	
770	0	0x00B432	page	0200	0000		8	16	危険な感じの店ね	
770	1	0x00B444	page	0200	0000		3	6	さすが	
770	2	0x00B44C	page	0200	0000		11	22	ギャングのたまり場だわ	
771	0	0x00B46C	page	0200	0000	2323	6	12	コネがないと	
771	1	0x00B47A	page	0200	0000	2323	10	20	入れないっていうけど	
772	0	0x00B498	page	0200	0000	2323	10	20	メタル・ラビリンスの	
772	1	0x00B4AE	page	0200	0000	2323	6	12	メンバーだわ	
773	0	0x00B4C4	page	0200	0000	2424	3	6	確かに	
773	1	0x00B4CC	page	0200	0000	2424	4	8	あれじゃ	
773	2	0x00B4D6	page	0200	0000	2424	12	24	普通のお客は入れないわね	
774	0	0x00B4F8	page	0000	0000	2323	4	8	ハジメは	
774	1	0x00B502	page	0000	0000	2323	7	14	店の中のようだ	
775	0	0x00B51A	page	FF00	0000	2323	7	14	店に入りますか	
776	0	0x00B532	page	2000	0001	2323	3	6	おっと	
776	1	0x00B53A	page	2000	0001	2323	6	12	満員なんでね	
776	2	0x00B548	page	2000	0001	2323	6	12	遠慮しときな	
777	0	0x00B55E	page	0000	0000	2424	7	14	ハジメの友達だ	
777	1	0x00B56E	page	0000	0000	2424	6	12	六堂っていう	
778	0	0x00B584	page	2000	0001	2424	9	18	……ハジメさんの？	
779	0	0x00B59A	page			2424	4	8	わかった	
779	1	0x00B5A4	page			2424	6	12	入っていいぜ	
780	0	0x00B5BA	page	2000	0001	2323	8	16	とっとと、うせな	
781	0	0x00B5D4	page	0200	0000	2323	11	22	ギャングのたまり場って	
781	1	0x00B5EC	page	0200	0000	2323	4	8	いうから	
782	0	0x00B5F8	page			2424	11	22	もっと危険なところかと	
782	1	0x00B610	page			2424	5	10	思ってたわ	
783	0	0x00B624	page	0000	0000	2424	7	14	見ためだけじゃ	
783	1	0x00B634	page	0000	0000	2424	6	12	わからないさ	
784	0	0x00B64A	page	0200	0000	2424	5	10	まあいいわ	
784	1	0x00B656	page	0200	0000	2424	4	8	あたしは	
784	2	0x00B660	page	0200	0000	2424	11	22	あっちで踊ってくるから	
785	0	0x00B680	page	0000	0000	2424	4	8	やれやれ	
785	1	0x00B68A	page	0000	0000	2424	9	18	踊ってるどころじゃ	
785	2	0x00B69E	page	0000	0000	2424	7	14	ないんだが……	
786	0	0x00B6B6	page	0000	0000	2323	9	18	踊ってるどころじゃ	
786	1	0x00B6CA	page	0000	0000	2323	7	14	ないんだが……	
787	0	0x00B6E2	page	1100	0001	2323	9	18	あれ、六堂さん……	
787	1	0x00B6F6	page	1100	0001	2323	7	14	どうしました？	
788	0	0x00B70E	page	0100	0000	2323	4	8	さっさと	
788	1	0x00B718	page	0100	0000	2323	11	22	用事をすませてしまおう	
789	0	0x00B738	page	0000	0000	2323	10	20	『以蔵』って用心棒が	
789	1	0x00B74E	page	0000	0000	2323	10	20	辻斬りにやられたって	
789	2	0x00B764	page	0000	0000	2323	3	6	聞いた	
790	0	0x00B76E	page			2424	10	20	少し教えてくれないか	
791	0	0x00B78C	page	1100	0001	2424	8	16	ああ、以蔵さんね	
792	0	0x00B7A0	page			2424	3	6	確かに	
792	1	0x00B7A8	page			2424	7	14	ウチで用心棒を	
792	2	0x00B7B8	page			2424	11	22	やってもらってましたよ	
793	0	0x00B7D2	page			2424	8	16	腕のたつ男でした	
793	1	0x00B7E4	page			2424	10	20	ボスにも信頼されてた	
794	0	0x00B7FC	page			2424	12	24	俺たちが力を伸ばせたのも	
794	1	0x00B816	page			2424	10	20	あの人がいたからです	
795	0	0x00B82E	page			2424	4	8	もっとも	
795	1	0x00B838	page			2424	9	18	辻斬り事件のあとは	
795	2	0x00B84C	page			2424	11	22	変わっちまいましたがね	
796	0	0x00B86C	page	0000	0000	2323	9	18	いまはどうしてる？	
797	0	0x00B888	page	1100	0001	2424	12	24	辻斬りに負けはしましたが	
797	1	0x00B8A2	page	1100	0001	2424	4	8	なんとか	
797	2	0x00B8AC	page	1100	0001	2424	11	22	生きて帰ってきましたよ	
798	0	0x00B8C6	page			2424	9	18	それっきり用心棒を	
798	1	0x00B8DA	page			2424	10	20	やめちまいました……	
799	0	0x00B8F8	page	0000	0000	2424	8	16	用心棒をやめた？	
800	0	0x00B90C	page			2424	2	4	いま	
800	1	0x00B912	page			2424	10	20	ここにはいないのか？	
801	0	0x00B930	page	1100	0001	2424	2	4	ええ	
802	0	0x00B938	page			2424	9	18	辻斬りに負けたのが	
802	1	0x00B94C	page			2424	10	20	よほどこたえたらしい	
803	0	0x00B96A	page	0000	0000	2323	10	20	どこに行けば会える？	
804	0	0x00B988	page	1100	0001	2424	3	6	たしか	
804	1	0x00B990	page	1100	0001	2424	11	22	東新宿の『暁』って店で	
804	2	0x00B9A8	page	1100	0001	2424	11	22	くすぶってるはずですよ	
805	0	0x00B9C2	page			2424	7	14	自信をなくして	
805	1	0x00B9D2	page			2424	13	26	だいぶ落ちこんでるようです	
806	0	0x00B9F6	page	0000	0000	2424	6	12	『暁』か……	
806	1	0x00BA04	page	0000	0000	2424	11	22	行ってみる必要があるな	
807	0	0x00BA24	page	1100	0001	2424	8	16	それより六堂さん	
807	1	0x00BA36	page	1100	0001	2424	11	22	この一件がかたづいたら	
808	0	0x00BA50	page			2424	3	6	ウチで	
808	1	0x00BA58	page			2424	11	22	用心棒をやりませんか？	
809	0	0x00BA78	page	1100	0001	2424	8	16	六堂さんの腕なら	
809	1	0x00BA8A	page	1100	0001	2424	5	10	信用できる	
810	0	0x00BA98	page			2424	11	22	悪いようにはしませんよ	
811	0	0x00BAB8	page	0000	0000	2424	5	10	……悪いな	
812	0	0x00BAC6	page			2424	8	16	代わりの用心棒が	
812	1	0x00BAD8	page			2424	6	12	欲しいんなら	
813	0	0x00BAE8	page			2424	8	16	他を当たってくれ	
814	0	0x00BB02	page	0000	0000	2323	14	28	以蔵にはどこに行けば会える？	
815	0	0x00BB28	page	1100	0001	2424	11	22	東新宿の『暁』って店で	
815	1	0x00BB40	page	1100	0001	2424	11	22	くすぶってるはずですよ	
816	0	0x00BB60	page	0000	0000	2424	6	12	『暁』か……	
817	0	0x00BB72	count			2323	2	4	周囲	
818	0	0x00BB7A	count				4	8	仲間	
818	1	0x00BB84	count				4	8	通行人1	
818	2	0x00BB8E	count				4	8	通行人2	
818	3	0x00BB98	count				4	8	通行人3	
819	0	0x00BBA8	page	0100	0000		10	20	横浜を当たってみよう	
820	0	0x00BBC0	page			2424	8	16	メタルと戦ってた	
820	1	0x00BBD2	page			2424	13	26	ウイザーズというギャングが	
820	2	0x00BBEE	page			2424	4	8	気になる	
821	0	0x00BC00	page	0200	0000	2323	12	24	まるで日本じゃないみたい	
821	1	0x00BC1A	page	0200	0000	2323	9	18	不思議な感じの街ね	
822	0	0x00BC36	page	0100	0000	2424	5	10	この街じゃ	
822	1	0x00BC42	page	0100	0000	2424	6	12	外国の企業が	
822	2	0x00BC50	page	0100	0000	2424	10	20	幅をきかせてるからな	
823	0	0x00BC6E	page	0200	0000	2424	3	6	ふうん	
824	0	0x00BC7E	page	0200	0000	2323	5	10	とりあえず	
824	1	0x00BC8A	page	0200	0000	2323	12	24	ウイザーズを捜さなきゃね	
825	0	0x00BCAC	page	0200	0000	2323	2	4	さて	
825	1	0x00BCB2	page	0200	0000	2323	6	12	ウイザーズに	
825	2	0x00BCC0	page	0200	0000	2323	8	16	あたってみましょ	
826	0	0x00BCDA	page	0000	0000	2323	10	20	聞き込みをしてみるか	
827	0	0x00BCF8	page	2300	0001	2323	6	12	ウイザーズが	
827	1	0x00BD06	page	2300	0001	2323	13	26	おとなしくしているおかげで	
828	0	0x00BD24	page			2424	10	20	最近は、静かなもんさ	
829	0	0x00BD42	page	2300	0001	2323	6	12	あいつらなら	
829	1	0x00BD50	page	2300	0001	2323	9	18	緋文楼ってクラブを	
829	2	0x00BD64	page	2300	0001	2323	9	18	たまり場にしてるぜ	
830	0	0x00BD80	page	2300	0001	2424	6	12	それにしても	
830	1	0x00BD8E	page	2300	0001	2424	6	12	あんなとこに	
830	2	0x00BD9C	page	2300	0001	2424	7	14	なんの用だい？	
831	0	0x00BDB4	page	0200	0000	2424	5	10	ちょっとね	
831	1	0x00BDC0	page	0200	0000	2424	7	14	ヤボ用があって	
832	0	0x00BDD8	page	2300	0001	2424	4	8	……まあ	
832	1	0x00BDE2	page	2300	0001	2424	10	20	場所は教えてやるがよ	
833	0	0x00BDFA	page			2424	11	22	近づかないほうがいいぜ	
833	1	0x00BE12	page			2424	6	12	どうなっても	
833	2	0x00BE20	page			2424	5	10	知らねえよ	
834	0	0x00BE34	page	2300	0001	2323	12	24	最近はなりをひそめてるが	
834	1	0x00BE4E	page	2300	0001	2323	12	24	危険な連中には変わりない	
835	0	0x00BE70	page	2300	0001	2424	12	24	どうしても行くってんなら	
835	1	0x00BE8A	page	2300	0001	2424	8	16	それなりの覚悟を	
835	2	0x00BE9C	page	2300	0001	2424	11	22	決めといたほうがいいぜ	
836	0	0x00BEBC	page	2400	0001	2323	10	20	ウイザーズの連中には	
836	1	0x00BED2	page	2400	0001	2323	6	12	わたしたちも	
836	2	0x00BEE0	page	2400	0001	2323	8	16	手を焼いてるのよ	
837	0	0x00BEF4	page			2424	9	18	奇妙な魔法を使って	
837	1	0x00BF08	page			2424	9	18	したい放題ですもの	
838	0	0x00BF24	page	0200	0000	2424	9	18	そんなにひどいの？	
839	0	0x00BF40	page	2400	0001	2424	2	4	ええ	
839	1	0x00BF46	page	2400	0001	2424	8	16	変な幻を作ったり	
839	2	0x00BF58	page	2400	0001	2424	9	18	呪文で物を壊したり	
840	0	0x00BF6E	page			2424	4	8	おまけに	
840	1	0x00BF78	page			2424	8	16	東京のギャングと	
840	2	0x00BF8A	page			2424	8	16	戦いはじめたのよ	
841	0	0x00BFA4	page	0200	0000	2424	4	8	それなら	
841	1	0x00BFAE	page	0200	0000	2424	11	22	もう戦いは終わったって	
841	2	0x00BFC6	page	0200	0000	2424	6	12	聞いたけど？	
842	0	0x00BFDC	page	2400	0001	2424	8	16	そうなんだけどね	
843	0	0x00BFF0	page			2424	6	12	今度は今度で	
843	1	0x00BFFE	page			2424	9	18	仕返しをこわがって	
843	2	0x00C012	page			2424	8	16	ピリピリしてるわ	
844	0	0x00C02C	page	0200	0000	2424	3	6	えっ？	
844	1	0x00C034	page	0200	0000	2424	7	14	ウイザーズが？	
845	0	0x00C04C	page	2500	0001	2323	6	12	ウイザーズ？	
845	1	0x00C05A	page	2500	0001	2323	2	4	ああ	
845	2	0x00C060	page	2500	0001	2323	10	20	あの不良魔法使いたち	
846	0	0x00C078	page			2424	4	8	最近じゃ	
846	1	0x00C082	page			2424	10	20	おとなしいもんですよ	
847	0	0x00C09A	page			2424	12	24	どこかのギャングと戦って	
847	1	0x00C0B4	page			2424	10	20	負けたらしいですがね	
848	0	0x00C0D2	page	2500	0001	2323	6	12	ま、このまま	
848	1	0x00C0E0	page	2500	0001	2323	12	24	おとなしくしててくれれば	
848	2	0x00C0FA	page	2500	0001	2323	12	24	ずいぶん平和なんですがね	
849	0	0x00C11C	page	0000	0000	2323	5	10	とりあえず	
849	1	0x00C128	page	0000	0000	2323	10	20	考えをまとめてみよう	
850	0	0x00C146	page	0000	0000	2323	2	4	まず	
850	1	0x00C14C	page	0000	0000	2323	11	22	最初から整理してみよう	
851	0	0x00C16C	page	0100	0000	2424	2	4	ああ	
852	0	0x00C174	page			2424	4	8	俺たちは	
852	1	0x00C17E	page			2424	9	18	渋谷の辻斬り事件の	
852	2	0x00C192	page			2424	14	28	犯人を追うという依頼を受けた	
853	0	0x00C1B8	page	0300	0000	2323	11	22	犯人は着流し姿の『侍』	
854	0	0x00C1D2	page			2424	3	6	しかし	
854	1	0x00C1DA	page			2424	11	22	目立つ姿をしているのに	
855	0	0x00C1F4	page			2424	10	20	手がかりらしいものは	
855	1	0x00C20A	page			2424	8	16	ほとんどなかった	
856	0	0x00C224	page	0100	0000	2323	2	4	だが	
856	1	0x00C22A	page	0100	0000	2323	8	16	不意に現われたり	
856	2	0x00C23C	page	0100	0000	2323	10	20	姿をかき消したりする	
857	0	0x00C254	page			2424	10	20	魔法がからんでるのは	
857	1	0x00C26A	page			2424	9	18	まず間違いなかった	
858	0	0x00C280	page			2424	3	6	そこで	
858	1	0x00C288	page			2424	10	20	メタル・ラビリンスと	
858	2	0x00C29E	page			2424	10	20	抗争を繰り広げていた	
859	0	0x00C2B6	page			2424	10	20	ウイザーズの魔法使い	
859	1	0x00C2CC	page			2424	12	24	『影使い』が浮かんできた	
860	0	0x00C2EE	page	0200	0000	2323	8	16	辻斬りに襲われた	
860	1	0x00C300	page	0200	0000	2323	12	24	メタルのメンバーの言葉が	
860	2	0x00C31A	page	0200	0000	2323	10	20	ヒントになったのよね	
861	0	0x00C338	page	0300	0000	2424	2	4	でも	
862	0	0x00C340	page			2424	8	16	その『影使い』は	
862	1	0x00C352	page			2424	3	6	すでに	
862	2	0x00C35A	page			2424	12	24	命を落としていました……	
863	0	0x00C37C	page	0000	0000	2323	4	8	辻斬りの	
863	1	0x00C386	page	0000	0000	2323	10	20	正体に近づくヒントは	
863	2	0x00C39C	page	0000	0000	2323	8	16	それだけじゃない	
864	0	0x00C3B6	page	0100	0000	2424	4	8	そうだな	
864	1	0x00C3C0	page	0100	0000	2424	5	10	重要なのは	
864	2	0x00C3CC	page	0100	0000	2424	10	20	生き残りたちの証言だ	
865	0	0x00C3EA	page	0000	0000	2323	11	22	メタルの用心棒、以蔵は	
865	1	0x00C402	page	0000	0000	2323	10	20	地下の換気ダクトから	
865	2	0x00C418	page	0000	0000	2323	12	24	吹き出す風に救われた……	
866	0	0x00C43A	page	0200	0000	2323	11	22	それに、チョロって子は	
866	1	0x00C452	page	0200	0000	2323	4	8	辻斬りが	
866	2	0x00C45C	page	0200	0000	2323	12	24	精霊に似てるって言ってた	
867	0	0x00C478	page			2424	5	10	そうなると	
867	1	0x00C484	page			2424	13	26	やっぱり辻斬りの正体は……	
868	0	0x00C4A8	page	0200	0000	2323	2	4	そう	
868	1	0x00C4AE	page	0200	0000	2323	7	14	辻斬りの正体は	
868	2	0x00C4BE	page	0200	0000	2323	6	12	精霊なんだわ	
869	0	0x00C4CE	page			2424	11	22	ウイザーズのメンバーも	
869	1	0x00C4E6	page			2424	8	16	辻斬りの姿を見て	
870	0	0x00C4FA	page			2424	12	24	影使いのしもべの精霊だと	
870	1	0x00C514	page			2424	6	12	言ってた……	
871	0	0x00C524	page			2424	2	4	でも	
871	1	0x00C52A	page			2424	10	20	本当にそんなことが？	
872	0	0x00C548	page	0200	0000	2323	5	10	これ以上は	
872	1	0x00C554	page	0200	0000	2323	10	20	あたしにはわからない	
873	0	0x00C56C	page			2424	2	4	でも	
873	1	0x00C572	page			2424	11	22	十日堂のお婆ちゃんなら	
873	2	0x00C58A	page			2424	9	18	なにか知ってるかも	
874	0	0x00C5A6	page	0000	0000	2424	3	6	相手が	
874	1	0x00C5AE	page	0000	0000	2424	10	20	魔法の生き物となると	
874	2	0x00C5C4	page	0000	0000	2424	11	22	戦いかたを考えないとな	
875	0	0x00C5DE	page			2424	10	20	俺は武器屋のおやじに	
875	1	0x00C5F4	page			2424	6	12	会ってみるよ	
876	0	0x00C60A	page	0200	0000	2323	10	20	十日堂のお婆ちゃんに	
876	1	0x00C620	page	0200	0000	2323	6	12	会ってみよう	
877	0	0x00C630	page			2424	7	14	魔法のことなら	
877	1	0x00C640	page			2424	5	10	あたしより	
877	2	0x00C64C	page			2424	5	10	詳しいはず	
878	0	0x00C660	page	0000	0000	2323	10	20	俺は武器屋のおやじに	
878	1	0x00C676	page	0000	0000	2323	6	12	会ってこよう	
879	0	0x00C68C	page	0000	0000	2323	12	24	これで、情報はそろったな	
880	0	0x00C6AE	page	0000	0000	2323	4	8	どうやら	
880	1	0x00C6B8	page	0000	0000	2323	5	10	厄介な敵を	
880	2	0x00C6C4	page	0000	0000	2323	11	22	相手にしなきゃならない	
881	0	0x00C6E4	page	0100	0000	2424	3	6	しかし	
881	1	0x00C6EC	page	0100	0000	2424	11	22	一度、引き受けた仕事だ	
881	2	0x00C704	page	0100	0000	2424	12	24	途中で投げ出せはしないな	
882	0	0x00C726	page	0300	0000	2424	5	10	そうですね	
882	1	0x00C732	page	0300	0000	2424	9	18	乗りかかった船です	
883	0	0x00C748	page			2424	4	8	わたしは	
883	1	0x00C752	page			2424	12	24	最後まで見届けたいですね	
884	0	0x00C774	page	0200	0000	2424	9	18	……精霊はあたしが	
884	1	0x00C788	page	0200	0000	2424	7	14	なんとかするわ	
885	0	0x00C79A	page			2424	10	20	銃の効かない相手じゃ	
885	1	0x00C7B0	page			2424	4	8	あたしが	
885	2	0x00C7BA	page			2424	11	22	がんばるしかないもんね	
886	0	0x00C7DA	page	0000	0000	2424	6	12	思い詰めても	
886	1	0x00C7E8	page	0000	0000	2424	10	20	いいことなんかないぜ	
887	0	0x00C800	page			2424	10	20	ヤバくなったら逃げる	
887	1	0x00C816	page			2424	10	20	それでいいじゃないか	
888	0	0x00C834	page	0A00	0001	2323	11	22	はい、シルバー・ムーン	
888	1	0x00C84C	page	0A00	0001	2323	12	24	ええ、いらっしゃいますよ	
888	2	0x00C866	page	0A00	0001	2323	6	12	少々お待ちを	
889	0	0x00C876	page			2424	10	20	六堂さん、お電話です	
889	1	0x00C88C	page			2424	10	20	ハジメさんからですよ	
890	0	0x00C8AA	page	0000	0000	2323	2	4	俺だ	
891	0	0x00C8B8	page	1100	0001	2424	7	14	ああ、六堂さん	
891	1	0x00C8C8	page	1100	0001	2424	7	14	実はいましがた	
891	2	0x00C8D8	page	1100	0001	2424	10	20	連絡が入ったんですが	
892	0	0x00C8F0	page			2424	11	22	以蔵が辻斬りにやられて	
892	1	0x00C908	page			2424	3	6	医者に	
892	2	0x00C910	page			2424	11	22	かつぎこまれたようです	
893	0	0x00C92A	page			2424	4	8	どうやら	
893	1	0x00C934	page			2424	3	6	自分で	
893	2	0x00C93C	page			2424	13	26	ケリをつけようとしたらしい	
894	0	0x00C960	page	0000	0000	2424	4	8	以蔵が！	
895	0	0x00C972	page	1100	0001	2424	11	22	路地に倒れてるところを	
895	1	0x00C98A	page	1100	0001	2424	8	16	ウチのメンバーが	
895	2	0x00C99C	page	1100	0001	2424	8	16	見つけたんですが	
896	0	0x00C9B0	page			2424	5	10	六堂さんに	
896	1	0x00C9BC	page			2424	12	24	会いたがってたらしいので	
897	0	0x00C9DE	page	0000	0000	2424	9	18	以蔵は無事なのか？	
898	0	0x00C9FA	page	1100	0001	2424	2	4	ええ	
898	1	0x00CA00	page	1100	0001	2424	9	18	悪運の強い男ですよ	
899	0	0x00CA16	page			2424	3	6	いまは	
899	1	0x00CA1E	page			2424	11	22	秋葉の闇医者のはずです	
900	0	0x00CA38	page			2424	15	30	『エンジェル・クリニック』って	
900	1	0x00CA58	page			2424	5	10	病院ですよ	
901	0	0x00CA6C	page	0000	0000	2424	4	8	わかった	
901	1	0x00CA76	page	0000	0000	2424	6	12	行ってみよう	
902	0	0x00CA8C	page	0000	0000	2323	11	22	以蔵が辻斬りにやられた	
903	0	0x00CAAC	page	0100	0000	2424	3	6	……！	
904	0	0x00CABC	page	0000	0000	2424	12	24	俺に会いたがってるらしい	
904	1	0x00CAD6	page	0000	0000	2424	6	12	行ってみよう	
905	0	0x00CAEC	page	0000	0000	2323	10	20	とにかく以蔵に会おう	
906	0	0x00CB0A	page	0A00	0001	2323	9	18	どうしたんですか？	
906	1	0x00CB1E	page	0A00	0001	2323	4	8	みなさん	
906	2	0x00CB28	page	0A00	0001	2323	11	22	お疲れのようですが……	
907	0	0x00CB48	page	0A00	0000	2323	8	16	浮かない顔ですね	
907	1	0x00CB5A	page	0A00	0000	2323	12	24	何かお作りしましょうか？	
908	0	0x00CB7C	page	0200	0000	2323	12	24	『十日堂』のお婆ちゃんに	
908	1	0x00CB96	page	0200	0000	2323	6	12	会ってみるわ	
909	0	0x00CBA6	page			2424	7	14	あたしの師匠で	
909	1	0x00CBB6	page			2424	7	14	魔法のことなら	
909	2	0x00CBC6	page			2424	9	18	なんでも知ってるし	
910	0	0x00CBDC	page			2424	8	16	こういうときには	
910	1	0x00CBEE	page			2424	6	12	頼りになるわ	
911	0	0x00CC04	page	0000	0000	2323	2	4	俺は	
911	1	0x00CC0A	page	0000	0000	2323	13	26	『トリプルZ』に行ってくる	
911	2	0x00CC26	page	0000	0000	2323	11	22	知りあいの武器屋なんだ	
912	0	0x00CC40	page			2424	4	8	あれこれ	
912	1	0x00CC4A	page			2424	12	24	武器を世話してくれるから	
913	0	0x00CC66	page			2424	11	22	妙な相手との戦いかたも	
913	1	0x00CC7E	page			2424	10	20	知ってるかもしれない	
914	0	0x00CC9C	page	0100	0000	2323	10	20	ようやくかたづいたな	
915	0	0x00CCB4	page			2424	12	24	こうやって息をしてるのが	
915	1	0x00CCCE	page			2424	8	16	不思議なくらいだ	
916	0	0x00CCE8	page	0000	0000	2424	2	4	ああ	
917	0	0x00CCF0	page			2424	12	24	じきにハジメがやって来る	
917	1	0x00CD0A	page			2424	11	22	あとは報酬を受けとって	
917	2	0x00CD22	page			2424	4	8	終わりさ	
918	0	0x00CD34	page	0200	0000	2424	9	18	でも、どうするの？	
918	1	0x00CD48	page	0200	0000	2424	7	14	影使いのことも	
918	2	0x00CD58	page	0200	0000	2424	9	18	全部話してしまう？	
919	0	0x00CD6E	page			2424	11	22	影使いのことを知ったら	
919	1	0x00CD86	page			2424	11	22	ウイザーズが狙われるわ	
920	0	0x00CDA0	page			2424	5	10	また抗争が	
920	1	0x00CDAC	page			2424	11	22	はじまっちゃうかも……	
921	0	0x00CDCC	page	0000	0000	2424	6	12	そうだな……	
922	0	0x00CDE2	page	1100	0001	2323	6	12	聞きましたよ	
922	1	0x00CDF0	page	1100	0001	2323	4	8	辻斬りを	
922	2	0x00CDFA	page	1100	0001	2323	8	16	倒したそうですね	
923	0	0x00CE14	page	1100	0001	2424	5	10	奴の正体は	
923	1	0x00CE20	page	1100	0001	2424	8	16	わかりましたか？	
924	0	0x00CE3A	page	0100	0000	2323	11	22	……疲れる仕事だったな	
925	0	0x00CE5A	page	0300	0000	2424	6	12	まったくです	
926	0	0x00CE70	page	0100	0000	2424	12	24	マオの神がかりがなければ	
926	1	0x00CE8A	page	0100	0000	2424	12	24	こっちが殺られてたかもな	
927	0	0x00CEAC	page	0300	0000	2424	7	14	そのお壌さんも	
928	0	0x00CEBE	page			2424	4	8	あれから	
928	1	0x00CEC8	page			2424	10	20	物思いにふけったまま	
928	2	0x00CEDE	page			2424	6	12	ですからねぇ	
929	0	0x00CEF4	page	0A00	0001	2323	4	8	どうやら	
929	1	0x00CEFE	page	0A00	0001	2323	5	10	骨の折れる	
929	2	0x00CF0A	page	0A00	0001	2323	10	20	仕事だったようですね	
930	0	0x00CF28	page	0000	0000	2424	2	4	ああ	
931	0	0x00CF30	page			2424	3	6	なにせ	
931	1	0x00CF38	page			2424	11	22	とらえどころのない奴が	
931	2	0x00CF50	page			2424	8	16	相手だったんでね	
932	0	0x00CF6A	page	0A00	0001	2424	5	10	そう言えば	
933	0	0x00CF78	page			2424	5	10	マオさんに	
933	1	0x00CF84	page			2424	8	16	こういう謎かけを	
933	2	0x00CF96	page			2424	11	22	教えてもらったんですよ	
934	0	0x00CFB0	page			2424	12	24	触れることはできなくても	
934	1	0x00CFCA	page			2424	11	22	感じることはできるもの	
934	2	0x00CFE2	page			2424	8	16	それは何かってね	
935	0	0x00CFFC	page	0000	0000	2424	3	6	……？	
936	0	0x00D00C	page	0A00	0001	2424	10	20	答えは『精霊』ですよ	
937	0	0x00D02A	page	0000	0000	2424	4	8	そいつは	
937	1	0x00D034	page	0000	0000	2424	11	22	少し変えたほうがいいな	
938	0	0x00D04E	page			2424	4	8	……俺は	
938	1	0x00D058	page			2424	12	24	この手で触れてきたぜ……	
939	0	0x00D07A	page	FF00	0000	2323	9	18	真相を明かしますか	
940	0	0x00D096	page	0000	0000	2323	7	14	ウイザーズには	
940	1	0x00D0A6	page	0000	0000	2323	5	10	影使いって	
940	2	0x00D0B2	page	0000	0000	2323	11	22	魔法使いがいたらしいが	
941	0	0x00D0D2	page	0000	0000	2424	7	14	辻斬りの正体は	
941	1	0x00D0E2	page	0000	0000	2424	12	24	そいつが支配してた精霊さ	
942	0	0x00D0FE	page			2424	4	8	影使いは	
942	1	0x00D108	page			2424	11	22	抗争で受けた傷がもとで	
942	2	0x00D120	page			2424	7	14	命を落としてた	
943	0	0x00D132	page			2424	3	6	それで	
943	1	0x00D13A	page			2424	9	18	支配を逃れた精霊が	
943	2	0x00D14E	page			2424	11	22	暴れまわったってわけさ	
944	0	0x00D16E	page	1100	0001	2424	8	16	待ってください？	
944	1	0x00D180	page	1100	0001	2424	11	22	影使いが死んだってのは	
944	2	0x00D198	page	1100	0001	2424	6	12	本当ですか？	
945	0	0x00D1AE	page	0000	0000	2424	2	4	ああ	
945	1	0x00D1B4	page	0000	0000	2424	9	18	横浜で確かめてきた	
946	0	0x00D1D0	page	1100	0001	2424	12	24	それはすごいニュースだ！	
947	0	0x00D1EC	page			2424	10	20	こうしちゃいられない	
947	1	0x00D202	page			2424	4	8	今度こそ	
947	2	0x00D20C	page			2424	12	24	ウイザーズを倒してやる！	
948	0	0x00D228	page			2424	6	12	……六堂さん	
948	1	0x00D236	page			2424	11	22	ありがとうございました	
949	0	0x00D250	page			2424	7	14	これは報酬です	
949	1	0x00D260	page			2424	9	18	受けとってください	
950	0	0x00D276	page			2424	4	8	約束より	
950	1	0x00D280	page			2424	10	20	少し多めになってます	
951	0	0x00D29E	page	0000	0000	2323	7	14	辻斬りの正体？	
951	1	0x00D2AE	page	0000	0000	2323	10	20	どこかからやって来た	
951	2	0x00D2C4	page	0000	0000	2323	3	6	精霊さ	
952	0	0x00D2D4	page	0000	0000	2424	2	4	だが	
952	1	0x00D2DA	page	0000	0000	2424	11	22	いまは思い出したくない	
952	2	0x00D2F2	page	0000	0000	2424	7	14	すまないが……	
953	0	0x00D30A	page	1100	0001	2424	12	24	ええ、ええ、かまいません	
953	1	0x00D324	page	1100	0001	2424	7	14	あの邪魔な奴が	
953	2	0x00D334	page	1100	0001	2424	11	22	いなくなったんですから	
954	0	0x00D34E	page			2424	7	14	なにはともあれ	
954	1	0x00D35E	page			2424	3	6	報酬を	
954	2	0x00D366	page			2424	10	20	お渡ししておきますよ	
955	0	0x00D37E	page			2424	12	24	本当に世話になりましたね	
956	0	0x00D39A	page			2424	4	8	そうだ！	
956	1	0x00D3A4	page			2424	6	12	何かあったら	
956	2	0x00D3B2	page			2424	8	16	連絡してください	
957	0	0x00D3C6	page			2424	4	8	俺たちで	
957	1	0x00D3D0	page			2424	11	22	力になれることがあれば	
957	2	0x00D3E8	page			2424	10	20	いつでも協力しますよ	
958	0	0x00D406	page	1100	0001	2323	9	18	じゃあ、俺はこれで	
958	1	0x00D41A	page	1100	0001	2323	12	24	また何かあったら頼みます	
959	0	0x00D438	page			2323	4	8	あのとき	
959	1	0x00D442	page			2323	4	8	あたしに	
959	2	0x00D44C	page			2323	10	20	力を貸してくれたのは	
960	0	0x00D464	page			2424	10	20	いったい誰なんだろう	
961	0	0x00D47C	page			2424	10	20	あの子が言ってた通り	
961	1	0x00D492	page			2424	10	20	精霊たちの呼びかけに	
961	2	0x00D4A8	page			2424	6	12	よく似ていた	
962	0	0x00D4B8	page			2424	11	22	だけど、もっと大きくて	
962	1	0x00D4D0	page			2424	7	14	もっと力強い声	
963	0	0x00D4E2	page			2424	4	8	いつでも	
963	1	0x00D4EC	page			2424	9	18	見守ってくれている	
963	2	0x00D500	page			2424	8	16	そんな感じがする	
964	0	0x00D514	page			2424	5	10	この街には	
964	1	0x00D520	page			2424	12	24	まだまだ秘密が眠っている	
965	0	0x00D53C	page			2424	5	10	いつかまた	
965	1	0x00D548	page			2424	10	20	あの力に触れることが	
965	2	0x00D55E	page			2424	8	16	できるだろうか？	
966	0	0x00D574	count			2323	3	6	セーブ	
966	1	0x00D57C	count			2323	3	6	ﾒｯｾｰジ	
967	0	0x00D586	count				2	4	遅い	
967	1	0x00D58C	count				2	4	普通	
967	2	0x00D592	count				2	4	速い	
